,State,month,day,time,harmful-event,manner-of-collision,person-type,seating-position,age,age-range,gender,race,injury-severity,air-bag,transported-for-treatment,protection-system,ejection,extrication,dead-on-arrival,year-of-death,alcohol-test,drug-test,road-type,n0-of-lanes,sorrounding-area,road-features,light-condion,weather-conditions,following-traffic-rules,type-of-vehicle,causality-class,Severity Class
0,2,4,1,815.0,0,0,0,0,0,61.0,0,0,1,0,0,0,1,1,1,2016.0,0,0,0,1,0,0,0,3,1,2,1,2
1,2,4,1,1330.0,0,0,0,0,0,36.0,1,0,1,0,0,0,1,1,1,2016.0,0,0,1,1,3,0,0,1,1,1,0,2
2,2,4,1,805.0,0,0,0,0,0,32.0,1,0,1,0,0,0,1,1,1,2016.0,0,0,0,2,3,0,1,1,1,2,0,2
3,2,4,1,805.0,0,0,0,0,0,30.0,1,0,1,0,0,0,1,1,0,2016.0,0,0,0,2,3,2,2,1,0,2,0,2
4,2,4,1,1705.0,0,0,0,0,0,26.0,0,0,1,0,0,0,0,1,1,2016.0,1,1,0,2,3,2,1,5,1,2,0,2
5,2,4,1,1200.0,0,0,0,0,0,34.0,0,0,1,0,0,0,0,0,0,2016.0,1,0,1,2,3,2,1,1,1,2,0,1
6,2,4,1,1230.0,0,0,0,0,0,39.0,1,0,1,0,0,0,0,0,0,2016.0,1,0,1,2,3,2,1,1,1,2,0,1
7,2,4,1,1230.0,0,0,0,0,0,69.0,0,0,1,0,0,1,0,0,0,2016.0,1,0,1,2,3,2,1,1,1,2,0,1
8,2,4,1,1807.0,0,0,0,0,0,18.0,1,0,1,0,1,1,0,0,0,2016.0,1,0,1,2,0,2,1,1,1,2,0,1
9,2,4,1,1807.0,0,0,0,0,1,17.0,0,0,1,0,1,1,0,0,0,2016.0,1,2,1,2,3,2,2,1,1,2,0,1
10,2,4,1,1807.0,0,0,0,0,1,19.0,0,0,0,0,1,1,0,0,0,2016.0,1,0,1,2,3,2,2,1,0,2,0,1
11,2,4,1,1800.0,0,0,0,0,1,36.0,1,0,0,0,1,1,0,0,0,2016.0,1,0,1,2,0,2,2,1,1,0,1,1
12,2,4,1,2120.0,0,0,0,0,1,50.0,1,0,0,0,1,1,0,0,0,2016.0,1,0,1,1,0,2,2,1,1,2,1,1
13,2,4,1,1115.0,0,0,0,0,1,67.0,0,0,0,0,1,1,0,0,1,2016.0,1,0,1,0,0,1,2,1,1,2,1,1
14,2,4,1,1048.0,0,0,0,0,1,82.0,1,0,0,0,1,1,1,0,1,2016.0,0,0,1,0,0,1,2,1,1,1,1,1
15,2,4,1,1130.0,0,0,0,0,1,72.0,1,0,0,0,1,1,1,1,1,2016.0,0,2,0,0,0,1,2,1,1,2,0,2
16,2,4,1,1130.0,0,0,0,0,1,71.0,0,0,0,0,1,1,1,1,1,2016.0,0,0,0,0,0,1,2,1,1,2,1,2
17,2,4,1,1132.0,0,0,0,0,1,86.0,0,0,0,0,1,0,1,1,1,2016.0,0,0,0,0,0,1,2,1,1,2,1,2
18,2,4,1,1700.0,0,0,0,0,1,42.0,1,0,0,0,0,0,1,1,1,2016.0,0,0,0,0,0,1,2,1,1,0,1,2
19,2,4,1,1710.0,0,0,0,0,1,48.0,1,0,0,0,0,0,1,1,1,2016.0,0,0,1,0,0,1,1,1,1,0,0,2
20,2,4,1,1645.0,0,0,0,0,1,23.0,1,0,0,0,0,0,0,1,1,2016.0,0,2,0,0,0,1,1,1,0,2,0,2
21,2,4,1,1005.0,0,0,0,0,1,30.0,1,0,0,0,0,0,1,1,1,2016.0,0,0,0,0,0,1,0,1,1,3,0,0
22,2,4,1,1200.0,0,0,0,0,1,26.0,0,0,0,0,0,0,1,1,1,2016.0,0,0,0,0,0,1,0,3,1,2,0,2
23,2,4,1,1550.0,0,0,0,0,1,20.0,1,0,0,0,0,0,1,1,1,2016.0,0,0,0,1,0,0,0,1,1,2,0,2
24,2,4,1,1857.0,0,0,0,0,1,25.0,1,0,0,0,0,0,1,1,1,2016.0,0,0,0,2,0,2,0,1,1,2,0,2
25,2,4,1,2010.0,0,0,0,0,1,42.0,0,0,0,0,0,0,1,1,1,2016.0,0,0,1,2,0,2,0,1,1,2,0,2
26,2,4,1,2010.0,0,0,0,0,1,10.0,0,0,0,0,0,0,1,1,1,2016.0,1,0,1,2,0,2,0,1,1,2,0,2
27,2,4,1,2010.0,0,0,0,0,1,10.0,0,0,0,0,0,0,0,1,1,2016.0,1,2,1,2,0,2,0,1,1,2,0,2
28,2,4,1,2010.0,0,0,0,0,1,11.0,0,0,0,0,0,0,1,1,1,2016.0,1,0,1,2,0,2,0,1,1,2,0,1
29,2,4,1,956.0,0,0,0,0,1,48.0,1,0,0,0,0,0,1,1,1,2016.0,1,0,1,2,0,2,0,1,0,1,1,1
30,2,4,1,1004.0,0,0,0,0,1,46.0,1,0,0,0,0,0,1,1,1,2016.0,1,0,1,2,0,2,0,1,1,1,1,1
31,2,4,1,1730.0,0,0,0,0,1,46.0,1,0,0,0,0,0,1,1,1,2016.0,1,0,1,2,3,2,1,1,1,2,1,1
32,2,4,1,1730.0,0,0,0,0,1,32.0,0,0,0,0,0,0,0,1,1,2016.0,1,0,1,2,3,2,1,1,1,2,1,1
33,2,4,1,1100.0,0,0,0,0,1,51.0,1,0,0,0,0,0,0,0,1,2016.0,1,2,1,2,3,2,1,1,1,1,1,1
34,2,4,1,2333.0,0,0,0,0,1,20.0,1,0,0,0,0,0,0,0,1,2016.0,1,0,1,1,3,0,1,1,1,2,1,1
35,2,4,1,847.0,0,0,0,0,1,61.0,1,0,0,0,0,0,0,0,1,2016.0,1,0,0,1,3,0,2,5,1,2,1,1
36,2,4,1,847.0,0,0,0,0,1,29.0,0,0,0,0,0,0,0,0,1,2016.0,0,0,0,0,3,0,2,5,1,2,1,1
37,2,4,1,912.0,0,0,0,0,1,31.0,0,0,0,0,0,0,0,0,1,2016.0,0,0,0,0,0,2,2,1,0,2,1,1
38,2,4,1,1510.0,0,0,0,0,1,38.0,0,0,0,0,0,0,0,0,1,2016.0,0,0,0,0,0,2,2,5,1,2,0,2
39,2,4,1,1853.0,0,0,0,0,0,24.0,0,0,0,0,0,0,0,0,1,2016.0,0,0,0,0,0,2,2,1,1,2,0,2
40,2,4,1,1400.0,0,0,0,0,0,52.0,0,0,0,0,0,0,0,0,1,2016.0,0,0,0,0,0,2,2,3,1,3,0,2
41,2,4,1,1400.0,0,0,0,0,0,56.0,0,0,0,0,0,0,0,0,1,2016.0,0,0,0,0,0,2,2,3,1,3,0,2
42,2,4,1,1520.0,0,0,0,0,0,63.0,0,0,0,0,0,1,1,0,1,2016.0,1,2,0,0,0,2,2,1,1,2,0,2
43,2,4,1,1850.0,0,0,0,0,0,27.0,0,0,0,0,0,1,1,1,1,2016.0,1,0,0,0,0,2,2,1,1,2,0,2
44,2,4,1,954.0,0,0,0,0,0,24.0,1,0,0,0,0,1,1,1,1,2016.0,1,0,0,0,0,2,2,1,1,2,0,2
45,2,4,1,954.0,0,0,0,0,0,41.0,1,0,0,0,0,1,1,1,1,2016.0,1,0,0,0,0,2,1,1,1,2,0,2
46,2,4,1,954.0,0,0,0,0,0,21.0,1,0,0,0,0,1,1,1,1,2016.0,1,0,1,1,0,2,1,1,1,2,0,2
47,2,4,1,954.0,0,0,0,0,0,27.0,1,0,0,0,1,1,1,1,1,2016.0,1,0,1,1,3,0,0,1,0,2,0,2
48,2,4,1,745.0,0,0,0,0,0,34.0,0,0,0,0,1,1,1,1,1,2016.0,1,0,1,1,3,0,0,0,1,1,1,0
49,2,4,1,1300.0,0,0,0,0,0,20.0,1,0,0,0,1,1,1,1,1,2016.0,1,1,1,1,3,0,0,1,1,0,1,0
50,2,4,1,1300.0,0,0,0,0,0,59.0,1,0,0,0,1,1,1,1,1,2016.0,1,1,1,1,3,0,0,1,1,0,0,0
51,2,4,1,1145.0,0,0,0,0,0,18.0,0,0,0,0,1,1,1,1,1,2016.0,1,1,1,1,3,0,0,0,1,2,0,0
52,2,4,1,1145.0,0,0,0,0,0,82.0,0,0,0,0,1,0,1,1,1,2016.0,0,1,1,1,0,0,0,0,1,2,0,0
53,2,4,1,2040.0,0,0,0,0,0,52.0,0,0,0,0,1,0,1,1,0,2016.0,0,1,1,2,0,0,0,1,1,2,0,0
54,2,4,1,640.0,0,0,0,0,0,25.0,1,0,0,0,1,0,1,1,0,2016.0,0,1,1,2,0,2,0,1,1,2,0,0
55,2,4,1,640.0,0,0,0,0,0,39.0,1,0,0,0,1,0,1,1,0,2016.0,0,1,1,2,0,2,0,1,1,2,0,0
56,2,4,1,710.0,0,0,0,0,0,49.0,1,0,0,0,1,0,1,1,0,2016.0,0,1,1,2,0,2,0,1,1,1,0,0
57,2,4,1,820.0,0,0,0,0,0,50.0,0,0,0,0,0,0,1,1,0,2016.0,0,1,1,2,0,2,1,1,1,1,0,0
58,2,4,1,815.0,0,0,0,0,0,32.0,1,0,0,0,0,0,1,1,0,2016.0,0,1,1,2,0,2,1,1,1,1,0,2
59,2,4,1,1125.0,0,0,0,0,0,80.0,1,0,0,0,0,0,0,1,0,2016.0,0,1,1,2,0,2,1,1,1,2,0,2
60,2,4,1,1205.0,0,0,0,0,0,10.0,1,0,1,0,0,0,0,1,0,2016.0,0,1,1,2,0,2,1,5,0,1,1,2
61,2,4,1,1500.0,0,0,0,0,0,49.0,0,0,1,0,0,0,0,1,0,2016.0,0,1,1,2,0,2,1,1,1,2,1,2
62,2,4,1,1845.0,0,0,0,0,1,30.0,1,0,1,0,0,0,0,1,0,2016.0,0,1,1,2,3,2,1,1,1,2,1,2
63,2,4,1,715.0,0,0,0,0,1,13.0,0,0,1,0,0,0,0,1,0,2016.0,0,1,1,1,3,2,1,1,1,2,1,1
64,2,4,1,854.0,0,0,0,0,1,1.0,1,0,1,0,0,0,0,1,0,2016.0,0,1,1,0,0,2,1,1,0,2,1,1
65,2,4,1,925.0,0,0,1,0,1,47.0,0,0,1,1,0,0,0,1,0,2016.0,0,1,1,0,0,2,1,1,0,2,0,1
66,2,4,1,1710.0,0,0,1,0,1,46.0,0,0,1,1,0,0,0,1,0,2016.0,1,1,0,0,0,2,1,1,0,2,0,1
67,2,4,1,1750.0,0,0,1,0,1,84.0,1,0,1,0,0,1,0,0,0,2016.0,1,1,0,0,0,2,1,1,0,2,0,1
68,2,4,1,1750.0,0,0,1,0,1,29.0,1,0,1,0,0,1,0,0,0,2016.0,1,1,0,0,0,2,2,1,0,1,0,1
69,2,3,1,2115.0,0,0,1,0,1,26.0,0,0,1,0,0,1,0,0,0,2016.0,1,0,0,0,0,2,2,1,0,2,0,1
70,2,3,1,2115.0,0,0,1,0,1,21.0,0,0,0,0,0,1,1,0,0,2016.0,1,0,0,0,0,2,2,1,0,2,0,1
71,2,3,1,10.0,0,0,1,0,1,21.0,1,0,0,0,0,1,1,0,0,2016.0,1,0,0,0,0,2,2,1,0,2,0,1
72,2,3,1,1103.0,0,0,1,0,0,75.0,0,0,0,0,0,1,1,0,0,2016.0,1,0,0,0,0,2,2,1,0,2,0,1
73,2,3,1,1515.0,0,0,1,0,0,16.0,1,0,0,0,0,1,1,0,1,2016.0,1,0,0,0,0,2,2,1,0,1,0,2
74,2,3,1,1817.0,0,0,1,0,0,18.0,1,0,0,0,0,1,1,0,1,2016.0,1,0,0,1,3,1,2,1,1,1,0,2
75,2,3,1,2120.0,0,0,1,0,0,32.0,1,0,0,0,1,1,1,0,1,2016.0,1,0,0,1,0,1,2,1,1,2,0,2
76,2,3,1,2120.0,0,0,1,0,0,27.0,1,0,0,0,1,1,1,0,1,2016.0,0,0,0,1,0,1,2,1,1,2,0,2
77,2,3,1,2120.0,0,0,1,0,0,28.0,1,0,0,0,1,0,1,1,1,2016.0,0,0,0,1,0,1,2,1,0,2,0,2
78,2,3,1,9.0,0,0,1,0,0,36.0,1,0,0,0,1,0,1,1,1,2016.0,0,0,0,1,0,1,1,1,0,3,0,2
79,2,3,1,1230.0,0,0,1,0,0,87.0,1,0,0,0,1,0,1,1,1,2016.0,0,0,0,1,0,1,1,1,0,2,0,2
80,2,3,1,1230.0,0,0,1,0,0,86.0,0,0,0,0,1,0,0,1,1,2016.0,0,0,0,1,0,1,0,1,0,2,0,2
81,2,3,1,1308.0,0,0,1,0,0,31.0,1,0,0,0,1,0,1,1,1,2016.0,0,0,0,1,0,1,0,1,0,1,0,2
82,2,3,1,1400.0,0,0,1,0,0,62.0,1,0,0,0,1,0,1,1,1,2016.0,0,0,0,2,0,1,0,1,0,2,0,2
83,2,3,1,1400.0,0,0,1,0,1,51.0,1,0,0,0,1,0,1,1,1,2016.0,0,0,0,2,0,1,0,1,0,2,0,2
84,2,3,1,1400.0,0,0,1,0,1,49.0,0,0,0,0,1,0,1,1,1,2016.0,0,0,0,2,0,1,0,1,0,2,0,2
85,2,3,1,1400.0,0,0,1,0,1,42.0,1,0,0,0,0,0,1,1,1,2016.0,0,0,0,2,0,1,0,1,0,2,0,2
86,2,3,1,1400.0,0,0,1,0,1,63.0,0,0,0,0,0,0,1,1,1,2016.0,0,0,1,2,0,1,0,1,0,2,0,2
87,2,3,1,1400.0,0,0,1,0,1,26.0,1,0,0,0,0,0,1,1,1,2016.0,0,1,1,2,0,1,0,1,1,2,0,2
88,2,3,1,1800.0,0,0,1,0,1,57.0,0,0,0,1,0,0,1,1,1,2016.0,0,1,1,2,0,1,0,1,1,2,0,2
89,2,3,1,1800.0,0,0,1,0,1,30.0,0,0,0,1,0,0,0,1,1,2016.0,0,1,1,2,0,1,0,1,1,2,0,2
90,2,3,1,1917.0,0,0,1,0,1,30.0,1,0,1,1,0,0,0,1,1,2016.0,0,1,1,2,0,1,0,5,1,2,0,2
91,2,3,1,2100.0,0,0,1,0,0,35.0,0,0,1,1,0,0,0,1,1,2016.0,0,1,1,2,0,1,0,1,1,2,0,2
92,2,3,1,2100.0,0,0,1,0,0,14.0,1,0,1,1,0,0,0,1,1,2016.0,1,1,1,1,0,1,0,1,0,2,0,2
93,2,3,1,140.0,0,0,1,0,0,30.0,1,0,1,1,0,0,0,1,1,2016.0,1,1,1,1,0,1,0,5,0,2,0,2
94,2,3,1,627.0,0,0,1,0,0,52.0,1,0,1,1,0,0,0,1,1,2016.0,1,1,1,0,0,0,0,5,0,1,0,2
95,2,3,1,905.0,0,0,1,0,0,19.0,1,0,1,1,0,0,0,1,1,2016.0,1,1,1,0,3,0,0,1,0,0,0,2
96,2,3,1,1120.0,0,0,1,0,0,56.0,1,0,1,1,0,0,0,1,1,2016.0,1,1,0,0,3,0,0,1,0,0,0,2
97,2,3,1,1605.0,0,0,1,0,0,38.0,1,0,1,1,0,0,0,1,1,2016.0,1,0,0,0,3,0,0,5,0,2,0,2
98,2,3,1,1755.0,0,0,1,0,0,52.0,0,0,1,1,1,0,0,1,1,2016.0,1,0,0,0,0,0,0,2,0,2,0,1
99,2,3,1,1815.0,0,0,1,0,0,21.0,0,0,1,1,1,0,1,1,1,2016.0,1,0,0,0,0,0,0,5,0,2,0,1
100,2,3,1,1430.0,0,0,1,0,0,52.0,1,0,0,1,1,0,1,1,1,2016.0,1,0,0,0,0,0,1,1,0,2,0,1
101,2,3,1,1430.0,0,0,1,0,0,51.0,0,0,0,1,1,0,1,1,1,2016.0,1,0,0,0,0,2,1,1,0,2,0,1
102,2,3,1,1430.0,0,0,1,0,1,23.0,0,0,0,1,1,0,1,1,1,2016.0,0,0,0,0,0,2,2,1,1,2,0,1
103,2,3,1,1430.0,0,0,1,0,1,2.0,1,0,0,1,1,0,1,1,0,2016.0,0,0,0,0,0,2,2,1,0,2,0,1
104,2,3,1,1730.0,0,0,1,0,1,45.0,0,0,0,1,1,0,1,1,0,2016.0,0,0,0,1,0,2,2,1,0,2,0,1
105,2,3,1,1730.0,0,0,1,0,1,18.0,0,0,0,1,1,0,1,1,0,2016.0,0,0,0,1,0,2,2,1,0,2,1,1
106,2,3,1,1730.0,0,0,1,0,1,15.0,1,0,0,1,1,0,1,1,0,2016.0,0,0,0,1,0,2,2,1,0,2,1,1
107,2,3,1,1730.0,0,0,1,0,1,46.0,1,0,0,1,1,0,1,1,0,2016.0,0,0,0,1,0,2,2,1,0,2,1,1
108,2,3,1,1715.0,0,0,1,0,1,23.0,0,0,0,1,0,0,1,1,0,2016.0,0,0,0,1,3,2,2,1,0,1,1,2
109,2,3,1,1545.0,0,0,1,0,1,28.0,1,0,0,1,0,0,1,0,0,2016.0,0,0,0,1,3,2,2,1,0,2,0,2
110,2,3,1,1545.0,0,0,1,0,1,31.0,0,0,0,1,0,1,1,0,0,2016.0,0,0,0,1,3,2,2,1,0,2,1,2
111,2,3,1,1758.0,0,0,1,0,1,29.0,1,0,0,1,0,1,1,0,0,2016.0,0,0,0,1,3,1,2,1,0,2,1,2
112,2,3,1,1740.0,0,0,1,0,1,34.0,1,0,0,1,0,1,1,0,0,2016.0,0,1,0,2,3,1,2,1,0,0,1,2
113,2,3,1,835.0,0,0,1,0,1,18.0,1,0,0,1,0,1,1,0,0,2016.0,0,1,1,2,3,1,2,1,1,0,0,2
114,2,3,1,901.0,0,0,1,0,1,33.0,1,0,0,1,0,1,1,0,0,2016.0,0,1,1,2,3,1,2,1,1,2,0,2
115,2,3,1,901.0,0,0,1,0,0,22.0,0,0,0,1,0,1,1,0,0,2016.0,0,1,1,2,0,1,2,1,1,2,0,2
116,2,3,1,1700.0,0,0,1,0,0,14.0,0,0,0,1,0,1,1,0,0,2016.0,1,1,1,2,0,1,2,1,1,2,0,2
117,2,3,1,1145.0,0,0,1,0,0,21.0,1,0,0,1,0,1,1,0,0,2016.0,1,1,1,2,0,1,2,1,0,1,0,2
118,2,3,1,1920.0,0,0,1,0,0,46.0,0,0,0,1,0,1,1,0,0,2016.0,1,1,1,2,0,1,2,1,0,2,0,2
119,2,3,1,745.0,0,0,1,0,0,52.0,1,0,0,1,0,1,1,1,0,2016.0,1,1,1,2,0,1,2,1,0,2,0,2
120,2,3,1,1100.0,0,0,1,0,0,60.0,1,0,0,1,0,0,1,1,0,2016.0,1,1,1,2,0,1,2,1,0,2,0,2
121,2,3,1,1540.0,0,0,1,0,0,50.0,1,0,0,1,0,0,0,1,0,2016.0,1,1,1,2,0,1,2,1,0,2,0,2
122,2,3,1,1540.0,0,0,1,0,0,51.0,1,0,0,1,0,0,0,1,0,2016.0,1,0,1,2,0,1,2,1,0,2,0,2
123,2,3,1,1730.0,0,0,1,0,0,16.0,1,0,0,1,0,0,0,1,0,2017.0,1,0,0,2,0,1,2,1,0,1,1,2
124,2,3,1,2007.0,0,0,1,0,0,24.0,1,0,0,1,0,0,0,1,0,2017.0,1,0,0,2,0,1,2,1,0,3,1,2
125,2,3,1,2007.0,0,0,1,0,0,18.0,0,0,0,1,0,0,0,1,0,2017.0,1,0,0,2,3,1,2,1,0,3,1,2
126,2,3,1,2007.0,0,0,1,0,1,29.0,0,0,0,1,0,0,0,1,0,2017.0,0,0,0,2,0,1,2,1,0,2,1,2
127,2,3,1,2015.0,0,0,1,0,1,5.0,0,0,0,1,0,0,0,1,0,2017.0,0,0,0,2,0,1,2,1,1,2,1,2
128,2,3,1,2015.0,0,0,1,0,1,37.0,0,0,0,1,0,0,0,1,0,2017.0,0,0,0,2,0,1,2,1,1,2,1,2
129,2,3,1,2020.0,0,0,1,0,1,26.0,0,0,1,1,0,0,0,1,0,2017.0,0,0,0,2,0,1,2,1,0,1,1,2
130,2,3,1,2128.0,0,0,1,0,1,19.0,1,0,1,1,1,0,0,1,0,2017.0,0,0,0,2,0,1,2,1,0,2,1,2
131,2,3,1,1100.0,0,0,1,0,1,84.0,0,0,1,1,1,0,1,1,0,2017.0,0,0,0,2,0,0,2,1,0,2,0,2
132,2,3,1,1100.0,0,0,1,0,1,63.0,1,0,1,1,1,0,1,1,0,2017.0,0,0,0,1,0,0,1,1,0,2,0,2
133,2,3,1,1100.0,0,0,1,0,1,57.0,0,0,1,1,1,0,1,1,0,2017.0,0,0,0,1,0,0,1,1,0,2,0,2
134,2,3,1,1224.0,0,0,1,0,1,37.0,1,0,1,1,1,0,1,1,0,2017.0,0,0,0,1,0,2,1,1,0,1,0,2
135,2,3,1,1300.0,0,0,1,0,1,19.0,1,0,1,1,1,0,1,1,0,2017.0,0,0,0,1,0,2,2,1,0,1,0,2
136,2,3,1,1329.0,0,0,1,0,1,41.0,0,0,1,1,1,0,1,1,0,2017.0,0,0,1,1,3,2,2,1,0,2,0,2
137,2,3,1,1350.0,0,0,1,0,1,18.0,1,0,1,1,1,0,1,1,0,2017.0,0,1,1,0,3,2,2,1,0,2,0,2
138,2,3,1,1350.0,0,0,1,0,1,19.0,0,0,1,1,1,0,1,1,0,2017.0,0,1,1,0,3,2,2,1,0,2,0,2
139,2,3,1,1350.0,0,0,1,0,0,22.0,0,0,0,1,1,0,1,1,0,2017.0,1,1,1,0,0,2,2,1,1,2,0,2
140,2,3,1,1950.0,0,0,1,0,0,46.0,1,0,0,1,0,0,1,1,0,2017.0,1,1,1,0,0,2,2,1,1,2,0,2
141,2,7,1,2118.0,0,0,1,0,0,19.0,1,1,0,1,0,0,1,1,0,2017.0,1,1,1,0,0,2,2,1,1,1,1,2
142,2,7,1,645.0,0,0,1,0,0,33.0,1,1,0,1,0,0,1,1,0,2017.0,1,1,1,0,0,2,2,1,0,2,1,2
143,2,7,1,1115.0,0,0,1,0,0,13.0,1,1,0,1,0,0,1,1,0,2017.0,1,1,1,0,0,2,2,1,0,2,1,2
144,2,7,1,1530.0,0,0,1,0,0,30.0,1,1,0,1,0,0,1,1,0,2017.0,1,1,1,0,0,0,2,1,0,1,1,2
145,2,7,1,1630.0,0,0,1,0,0,23.0,1,1,0,1,0,0,1,1,0,2017.0,1,1,1,0,0,0,1,1,0,0,1,2
146,2,7,1,1903.0,0,0,1,0,0,26.0,0,1,0,1,0,0,1,1,0,2017.0,1,1,0,0,0,0,1,1,0,2,1,2
147,2,7,1,1903.0,0,0,1,0,0,24.0,0,1,0,1,0,0,1,1,0,2017.0,1,0,0,0,0,0,1,1,0,2,0,2
148,2,7,1,1903.0,0,0,1,0,0,20.0,1,1,0,1,0,0,1,1,0,2017.0,1,0,0,0,0,0,1,1,0,2,0,2
149,2,7,1,2030.0,0,0,1,0,0,34.0,0,1,0,1,0,0,1,1,0,2017.0,0,0,0,0,3,0,1,1,0,2,0,2
150,2,7,1,1845.0,0,0,1,0,1,47.0,1,1,0,1,0,0,1,1,0,2017.0,0,0,0,0,3,0,2,1,0,1,0,2
151,2,7,1,1700.0,0,0,1,0,1,29.0,0,1,0,1,0,0,1,1,0,2017.0,0,0,0,0,3,0,2,1,0,2,0,1
152,2,7,1,901.0,0,0,1,0,1,40.0,0,1,0,1,0,0,1,1,0,2017.0,0,0,0,0,0,0,2,1,1,2,0,1
153,2,7,1,1205.0,0,0,1,0,1,42.0,0,1,0,1,0,0,1,1,0,2017.0,0,0,0,0,0,2,2,1,1,1,0,1
154,2,7,1,1608.0,0,0,1,0,1,26.0,0,1,0,1,0,0,1,1,0,2017.0,0,0,0,0,0,2,2,1,1,2,0,1
155,2,7,1,1640.0,0,0,1,0,1,27.0,1,1,0,1,0,0,1,1,0,2017.0,0,0,0,0,0,2,2,1,1,0,0,1
156,2,7,1,128.0,0,0,1,0,1,17.0,1,1,0,1,0,0,1,1,0,2017.0,0,0,1,0,0,2,2,1,1,2,0,1
157,2,7,1,955.0,0,0,1,0,1,52.0,1,1,0,1,0,0,1,1,0,2017.0,0,1,1,1,0,2,2,1,0,2,1,1
158,2,7,1,1125.0,0,0,1,0,1,57.0,1,1,0,1,0,0,1,0,0,2017.0,0,1,1,1,0,2,2,1,0,0,1,1
159,2,7,1,1147.0,0,0,1,0,1,77.0,0,1,0,1,0,0,1,0,0,2017.0,0,1,1,1,0,2,2,1,0,2,1,1
160,2,7,1,1200.0,0,0,1,0,1,12.0,1,1,0,1,1,0,1,0,0,2017.0,0,1,1,1,0,2,1,1,0,2,0,1
161,2,7,1,1500.0,0,0,1,0,1,78.0,1,1,0,1,1,0,0,0,0,2017.0,0,1,1,1,0,2,1,1,0,2,0,2
162,2,7,1,1754.0,0,0,1,0,1,43.0,1,1,0,1,1,1,0,0,0,2017.0,0,1,1,1,3,2,1,1,0,1,0,2
163,2,7,1,953.0,0,0,1,0,1,26.0,1,1,0,1,1,1,0,0,0,2017.0,0,1,1,2,3,1,1,1,0,1,0,2
164,2,7,1,1232.0,0,0,1,0,1,45.0,1,1,0,1,1,1,0,0,0,2017.0,0,1,1,2,3,1,1,1,0,2,0,2
165,2,7,1,1716.0,0,0,1,0,1,54.0,1,1,0,1,1,1,0,0,0,2017.0,0,1,1,2,3,1,1,1,0,1,0,2
166,2,7,1,1845.0,0,0,1,0,1,34.0,0,1,0,1,1,1,0,0,0,2017.0,0,1,1,2,3,1,2,1,0,2,0,2
167,2,7,1,735.0,0,0,1,0,1,36.0,0,1,0,1,1,1,0,0,0,2017.0,0,0,1,2,0,1,2,1,1,2,0,2
168,2,7,1,735.0,0,0,1,0,1,34.0,1,1,0,1,1,1,0,1,0,2017.0,1,0,1,2,0,1,2,1,1,0,0,2
169,2,7,1,735.0,0,0,1,0,0,22.0,0,1,0,1,1,1,0,1,0,2017.0,1,0,1,2,0,1,2,1,1,0,0,2
170,2,7,1,1010.0,0,0,1,0,0,21.0,0,1,0,1,0,1,0,1,0,2017.0,1,0,1,2,0,1,2,1,1,2,1,2
171,2,7,1,1855.0,0,0,1,0,0,20.0,1,1,0,1,0,1,1,1,0,2017.0,1,0,1,2,0,1,2,1,0,0,1,2
172,2,7,1,1900.0,0,0,1,0,0,27.0,1,1,1,1,0,0,1,1,0,2017.0,1,0,1,2,0,1,2,1,0,2,1,2
173,2,7,1,1900.0,0,0,1,0,0,17.0,0,1,1,1,0,0,1,1,0,2017.0,1,0,1,1,0,1,2,1,0,2,1,2
174,2,7,1,2200.0,0,0,1,0,0,19.0,0,1,1,1,0,0,1,1,0,2017.0,1,0,1,0,0,1,2,5,0,2,1,2
175,2,7,1,200.0,0,0,1,0,0,67.0,1,1,1,1,0,0,1,1,0,2017.0,1,0,1,0,0,1,2,1,0,2,1,2
176,2,7,1,200.0,0,0,1,0,0,18.0,1,1,1,1,0,0,1,1,0,2017.0,1,0,1,0,0,1,2,1,0,3,1,2
177,2,7,1,200.0,0,0,1,0,0,25.0,1,1,1,1,0,0,1,1,0,2017.0,1,0,1,0,3,1,2,1,0,3,1,2
178,2,7,1,200.0,0,0,1,0,0,24.0,1,1,1,1,0,0,1,1,0,2017.0,0,0,1,0,3,1,2,1,0,3,1,2
179,2,7,1,725.0,0,0,1,0,0,32.0,1,1,1,1,0,0,1,1,0,2017.0,0,0,1,0,3,1,2,1,0,2,0,2
180,2,7,1,1510.0,0,0,1,0,1,36.0,0,1,1,1,0,0,1,1,0,2017.0,0,0,1,0,3,1,2,1,0,2,0,2
181,2,7,1,1445.0,0,0,1,0,1,23.0,1,0,1,1,0,0,1,1,0,2017.0,0,0,1,0,0,1,2,1,1,0,0,2
182,2,7,1,1045.0,0,0,1,0,1,41.0,1,0,0,1,0,0,1,1,0,2017.0,0,0,1,0,0,1,2,1,1,1,0,2
183,2,7,1,1730.0,0,0,1,0,1,49.0,1,0,0,1,0,0,1,1,0,2017.0,0,0,1,0,0,0,2,5,1,2,0,2
184,2,7,1,705.0,0,0,1,0,1,35.0,1,0,0,1,0,0,1,1,0,2017.0,0,0,1,1,0,2,2,5,1,2,0,2
185,2,7,1,846.0,0,0,1,0,1,30.0,1,0,0,1,0,0,1,1,0,2017.0,0,0,1,1,0,2,2,1,1,1,0,2