,State,month,day,time,harmful-event,manner-of-collision,person-type,seating-position,age,age-range,gender,race,injury-severity,air-bag,transported-for-treatment,protection-system,ejection,extrication,dead-on-arrival,year-of-death,alcohol-test,drug-test,road-type,n0-of-lanes,sorrounding-area,road-features,light-condion,weather-conditions,following-traffic-rules,type-of-vehicle,causality-class,Severity Class
186,2,7,1,1146.0,0,0,1,0,1,66.0,1,0,0,1,0,0,1,1,0,2017.0,0,0,0,2,0,2,2,1,1,2,0,2
187,2,7,1,1329.0,0,0,1,0,1,55.0,1,0,0,1,0,0,1,1,0,2017.0,0,0,0,2,0,2,2,1,1,0,0,2
188,2,7,1,1510.0,0,0,1,0,1,66.0,0,0,0,1,0,0,1,1,0,2017.0,0,0,0,2,0,2,2,1,0,2,0,2
189,2,7,1,1510.0,0,0,1,0,1,31.0,0,0,0,1,0,0,1,0,0,2017.0,0,0,0,2,0,2,2,1,0,2,1,2
190,2,7,1,1823.0,0,0,1,0,1,13.0,1,0,0,1,0,0,1,0,0,2017.0,0,0,0,2,0,2,2,1,0,2,1,2
191,2,7,1,2144.0,0,0,1,0,1,40.0,0,0,0,1,0,0,1,0,0,2017.0,0,0,0,2,3,2,2,1,0,2,1,2
192,2,7,1,2144.0,0,0,1,0,1,49.0,0,0,0,1,0,0,1,0,0,2017.0,0,1,0,2,3,2,2,1,0,2,1,2
193,2,7,1,9.0,0,0,1,0,1,24.0,1,0,0,1,0,0,1,0,0,2017.0,0,1,0,2,3,2,2,1,0,2,1,1
194,2,7,1,814.0,0,0,1,0,1,50.0,1,0,0,1,0,0,0,0,0,2017.0,0,1,0,2,3,0,2,5,0,2,1,1
195,2,7,1,710.0,0,0,1,0,1,59.0,0,0,0,1,0,0,0,0,0,2017.0,1,1,0,2,3,1,2,5,0,2,1,1
196,2,7,1,710.0,0,0,1,0,1,43.0,1,0,0,1,0,0,0,0,0,2017.0,1,1,0,1,3,1,1,5,0,2,1,1
197,2,7,1,1534.0,0,0,1,0,1,33.0,0,0,0,1,0,0,0,0,0,2017.0,1,1,0,1,3,1,1,1,0,2,0,1
198,2,7,1,1915.0,0,0,1,0,1,22.0,1,0,0,1,0,0,0,0,0,2017.0,1,1,0,0,0,1,1,1,1,2,0,1
199,2,7,1,820.0,0,0,1,0,1,31.0,0,0,0,1,1,0,0,1,0,2017.0,1,1,0,0,0,1,0,1,1,2,0,1
200,2,7,5,820.0,0,0,1,0,1,6.0,1,0,0,1,1,0,0,1,0,2017.0,1,1,1,0,0,1,0,1,1,2,0,1
201,2,7,5,820.0,0,0,1,0,0,3.0,0,0,0,1,1,0,0,1,0,2017.0,1,1,1,0,0,1,0,1,1,2,0,1
202,2,7,5,901.0,0,0,1,0,0,45.0,1,0,0,1,1,1,0,1,0,2017.0,1,0,1,0,0,1,0,1,1,2,0,1
203,2,7,5,901.0,0,0,1,0,0,67.0,1,0,0,1,1,1,0,1,0,2017.0,1,0,1,0,0,1,0,1,1,2,0,2
204,2,7,5,840.0,0,0,1,0,0,28.0,1,0,0,1,1,1,1,1,0,2017.0,1,0,1,0,0,1,0,1,1,1,0,2
205,2,7,5,1200.0,0,0,1,0,0,40.0,0,0,0,1,1,1,1,1,0,2017.0,0,0,1,0,0,1,0,1,1,0,0,2
206,2,7,5,1200.0,0,0,1,0,0,24.0,1,0,0,1,1,1,1,1,0,2017.0,0,0,1,0,0,1,0,1,1,0,0,2
207,2,7,5,1230.0,0,0,1,0,0,80.0,1,0,0,1,1,1,1,1,0,2017.0,0,0,1,0,0,1,0,1,1,2,1,2
208,2,7,5,1230.0,0,0,1,0,0,78.0,0,0,0,1,1,1,1,1,0,2017.0,0,0,1,0,3,1,0,1,0,2,1,2
209,2,7,5,1230.0,0,0,1,0,0,60.0,0,0,0,1,0,1,1,1,0,2017.0,0,0,1,0,3,1,1,1,0,2,1,2
210,2,7,5,1315.0,0,0,1,0,0,42.0,1,0,0,1,0,1,1,1,0,2017.0,0,0,0,0,3,1,1,1,0,2,1,2
211,2,7,5,1445.0,0,0,1,0,0,59.0,1,0,0,1,0,1,1,1,0,2017.0,0,0,0,0,3,1,1,1,0,2,1,2
212,2,7,5,1011.0,0,0,1,0,1,83.0,1,0,0,1,0,0,1,1,0,2017.0,0,0,1,0,3,1,1,1,0,2,1,2
213,2,7,5,1909.0,0,0,1,0,1,25.0,1,0,0,1,0,0,1,1,0,2017.0,0,0,1,0,3,1,1,1,0,1,1,2
214,2,7,5,1130.0,0,0,1,0,1,30.0,1,0,0,1,0,0,1,1,0,2017.0,0,0,1,0,0,1,1,1,0,2,1,2
215,2,7,5,1243.0,0,0,1,0,1,23.0,0,0,0,1,0,0,1,1,0,2017.0,0,0,1,0,0,2,1,1,0,2,0,2
216,2,7,5,1155.0,0,0,1,0,1,65.0,1,0,0,1,0,0,1,1,0,2017.0,0,0,1,0,0,2,1,1,0,3,0,2
217,2,7,5,1615.0,0,0,1,0,1,45.0,0,0,0,1,0,0,1,1,0,2017.0,0,0,1,0,0,2,1,1,0,2,0,2
218,2,7,5,1920.0,0,0,1,0,1,23.0,0,0,0,1,0,0,1,1,0,2017.0,0,0,1,1,0,2,1,1,1,2,0,2
219,2,7,5,905.0,0,0,1,0,1,47.0,1,0,0,1,0,0,1,1,0,2017.0,0,0,1,2,0,2,2,1,1,1,0,2
220,2,7,5,1019.0,0,0,1,0,1,43.0,0,0,0,1,0,0,1,1,0,2017.0,0,0,1,2,0,2,2,1,1,2,0,2
221,2,7,5,1450.0,0,0,1,0,1,75.0,0,0,0,1,0,0,1,1,0,2017.0,0,0,1,2,0,2,2,1,1,3,0,2
222,2,7,5,1631.0,0,0,1,0,1,19.0,0,0,0,1,0,0,0,1,0,2017.0,0,0,0,2,0,2,2,1,1,2,0,2
223,2,7,5,1805.0,0,0,1,0,1,22.0,1,0,0,1,0,0,0,1,0,2017.0,0,0,0,2,0,2,2,1,1,0,0,2
224,2,7,5,1936.0,0,0,1,0,1,52.0,1,0,0,1,0,0,0,1,0,2017.0,1,0,0,2,3,2,2,1,1,1,0,2
225,2,7,5,1936.0,0,0,1,0,1,40.0,0,0,0,1,0,0,0,1,0,2017.0,1,0,0,2,3,2,2,1,1,1,1,2
226,2,7,5,2003.0,0,0,1,0,1,27.0,1,0,0,1,0,0,0,1,0,2017.0,1,0,1,2,3,2,2,1,1,2,1,2
227,2,7,5,2003.0,0,0,1,0,1,27.0,1,0,1,1,0,0,0,1,0,2017.0,1,0,1,2,3,2,2,1,0,2,1,2
228,2,7,5,2003.0,0,0,1,0,0,45.0,0,0,1,1,0,0,0,1,0,2017.0,1,0,1,2,3,2,2,1,0,2,1,2
229,2,7,5,2003.0,0,0,1,0,0,5.0,1,0,1,1,0,0,0,1,0,2017.0,1,0,1,1,0,2,1,1,0,2,1,2
230,2,7,5,2003.0,0,0,1,0,0,45.0,0,0,1,1,0,0,0,0,0,2017.0,1,1,1,0,0,2,0,1,0,2,1,2
231,2,0,5,2003.0,0,0,1,0,0,14.0,0,0,1,1,0,0,0,0,0,2017.0,1,1,1,0,0,2,0,1,0,2,1,2
232,2,0,5,2024.0,0,0,1,0,0,77.0,1,0,1,1,0,0,1,0,0,2017.0,1,1,1,0,0,2,0,1,0,2,1,2
233,2,0,5,2024.0,0,0,1,0,0,26.0,1,0,1,1,1,0,1,0,0,2017.0,1,1,1,0,0,2,0,1,0,2,1,2
234,2,0,5,2024.0,0,0,1,0,0,25.0,1,0,1,1,1,0,1,0,0,2017.0,0,1,1,0,0,2,0,1,0,2,1,1
235,2,0,5,2024.0,0,0,1,0,0,27.0,1,0,1,1,1,0,1,0,0,2017.0,0,1,1,0,0,2,0,1,0,2,1,1
236,2,0,5,1810.0,0,0,1,0,0,30.0,1,0,1,1,1,0,1,0,0,2017.0,0,1,0,0,0,2,0,1,0,0,1,1
237,2,0,5,1810.0,0,0,1,0,0,72.0,1,0,1,1,1,0,1,0,0,2017.0,0,1,0,0,0,2,0,1,1,2,1,1
238,2,0,5,1810.0,0,0,1,0,0,70.0,0,0,1,1,1,0,1,0,0,2017.0,0,1,0,0,0,2,0,1,1,2,1,1
239,2,0,5,2000.0,0,0,1,0,1,33.0,0,0,1,1,1,0,1,0,0,2017.0,0,1,0,0,2,2,0,1,1,2,1,1
240,2,0,5,2000.0,0,0,1,0,1,55.0,1,0,1,1,1,0,1,1,0,2017.0,0,0,0,0,2,2,1,1,1,2,1,1
241,2,0,5,950.0,0,0,1,0,1,43.0,0,0,1,1,1,0,1,1,0,2017.0,0,0,0,0,2,2,1,1,1,2,1,1
242,2,0,5,1718.0,0,0,1,0,1,6.0,0,0,1,1,1,0,1,1,0,2017.0,0,0,0,0,2,2,1,5,0,1,1,1
243,2,0,5,1430.0,0,0,1,0,1,42.0,1,0,1,1,0,0,1,1,0,2017.0,0,0,0,0,2,2,1,1,0,1,1,1
244,2,0,5,1815.0,0,0,1,0,1,56.0,0,0,1,1,0,0,1,1,0,2017.0,0,0,0,0,2,2,1,5,0,2,1,2
245,2,0,5,1055.0,0,0,1,0,1,84.0,0,0,1,1,0,0,1,1,0,2017.0,0,0,0,0,2,0,1,1,0,2,0,2
246,2,0,5,1450.0,0,0,1,0,1,24.0,1,0,1,1,0,0,1,1,0,2017.0,0,0,0,0,2,0,1,1,0,1,0,2
247,2,0,5,1740.0,0,0,1,0,0,39.0,1,0,1,1,0,0,1,1,0,2017.0,0,0,0,0,2,0,1,1,0,2,0,2
248,2,0,5,1302.0,0,0,1,0,0,19.0,1,0,1,1,0,0,1,1,0,2017.0,0,0,0,0,2,0,2,1,0,1,0,2
249,2,0,5,1144.0,0,0,1,0,0,20.0,0,0,1,1,0,0,1,1,0,2017.0,0,0,0,0,3,1,2,1,0,2,0,2
250,2,0,5,800.0,0,0,1,0,0,12.0,0,0,1,1,0,0,0,1,0,2017.0,0,0,1,1,3,1,2,1,0,2,0,2
251,2,0,5,800.0,0,0,1,0,0,12.0,0,0,1,1,0,0,0,1,0,2017.0,0,0,1,2,3,1,2,1,0,2,0,2
252,2,0,5,1415.0,0,0,1,0,0,21.0,1,0,1,1,0,0,0,1,0,2017.0,0,0,1,2,3,1,2,1,1,2,0,2
253,2,0,5,1730.0,0,0,1,0,0,24.0,1,0,1,1,0,0,0,1,0,2017.0,0,0,1,2,3,1,2,1,1,2,0,2
254,2,0,5,1811.0,0,0,1,0,0,25.0,1,0,1,1,0,0,0,1,0,2017.0,0,0,1,2,3,1,2,1,1,0,0,2
255,2,0,5,1630.0,0,0,1,0,0,47.0,0,0,1,1,0,0,0,1,0,2017.0,1,0,1,2,0,1,2,1,1,2,1,2
256,2,0,5,1900.0,0,0,1,0,0,22.0,0,0,1,1,0,0,0,1,0,2017.0,1,0,1,2,0,1,2,1,1,1,1,2
257,2,0,5,1900.0,0,0,1,0,0,14.0,0,0,0,1,0,0,0,1,0,2017.0,1,0,1,2,0,1,2,1,1,2,1,2
258,2,0,5,1500.0,0,0,1,0,1,52.0,0,0,0,1,0,0,0,1,0,2017.0,1,0,1,2,0,1,1,1,1,2,1,2
259,2,0,5,2024.0,0,0,1,0,1,15.0,1,0,0,1,0,1,0,1,0,2017.0,1,0,1,2,0,1,1,1,1,2,1,2
260,2,0,6,1700.0,0,0,1,0,1,55.0,1,0,0,1,0,1,1,0,0,2017.0,1,0,0,2,0,1,0,1,1,2,1,2
261,2,0,6,1130.0,0,0,1,0,1,81.0,0,0,0,1,0,1,1,0,0,2017.0,1,0,0,1,0,1,0,1,1,2,1,2
262,2,0,6,645.0,0,0,1,0,1,50.0,1,0,0,1,0,1,1,0,0,2017.0,1,0,0,1,0,1,0,5,1,0,1,2
263,2,0,6,800.0,0,0,1,0,1,15.0,0,0,0,1,0,1,1,0,0,2017.0,1,0,0,1,0,1,0,1,1,2,1,2
264,2,0,6,918.0,0,0,1,0,1,63.0,1,0,0,1,0,1,1,0,0,2017.0,1,0,0,1,0,1,0,1,1,2,1,2
265,2,0,6,810.0,0,0,1,0,1,25.0,1,1,0,1,0,1,1,0,0,2017.0,0,1,0,1,3,1,0,1,1,0,1,2
266,2,0,6,1429.0,0,0,1,0,1,16.0,1,1,0,1,0,1,1,0,0,2017.0,0,1,0,0,3,1,0,1,1,0,1,2
267,2,0,6,2015.0,0,0,1,0,1,34.0,0,1,0,1,0,1,1,0,0,2017.0,0,1,0,0,3,1,0,1,0,2,1,2
268,2,0,6,2015.0,0,0,1,0,1,26.0,0,1,0,0,0,1,1,0,0,2017.0,0,1,0,0,3,1,0,1,0,2,1,2
269,2,0,6,1450.0,0,0,1,0,1,74.0,1,1,0,0,0,0,1,0,0,2017.0,0,1,0,0,3,0,0,1,0,2,1,2
270,2,0,6,1800.0,0,0,1,0,1,75.0,1,1,0,0,0,0,1,1,0,2017.0,0,1,1,0,3,0,0,1,0,2,1,2
271,2,0,6,1800.0,0,0,1,0,1,59.0,1,1,0,0,0,0,1,1,0,2017.0,0,1,1,0,3,2,0,1,0,2,0,2
272,2,0,6,1854.0,0,0,1,0,1,57.0,1,1,0,0,1,0,1,1,0,2017.0,0,1,1,0,3,2,0,1,0,3,0,2
273,2,0,6,1930.0,0,0,1,0,1,12.0,1,1,0,0,1,0,1,1,0,2017.0,0,1,1,0,3,2,0,1,0,2,0,2
274,2,0,6,2123.0,0,0,1,0,1,19.0,1,1,0,0,1,0,1,1,0,2017.0,0,1,1,0,0,2,0,1,0,1,0,2
275,2,0,6,2038.0,0,0,1,0,1,48.0,1,1,0,0,1,0,1,1,0,2017.0,0,0,1,0,0,2,0,1,0,2,0,1
276,2,0,6,1100.0,0,0,1,0,1,23.0,0,1,0,0,1,0,1,1,0,2017.0,0,0,1,1,0,2,0,1,0,2,0,1
277,2,0,6,1435.0,0,0,1,0,1,31.0,1,1,0,0,1,0,1,1,0,2017.0,0,0,1,1,0,2,0,1,1,2,0,1
278,2,0,6,1728.0,0,0,1,0,0,46.0,1,1,0,0,1,0,1,1,0,2017.0,0,0,1,1,0,2,0,1,1,2,0,1
279,2,0,6,1728.0,0,0,1,0,0,40.0,0,1,0,0,1,0,1,1,0,2017.0,1,0,1,1,0,2,0,1,1,2,0,1
280,2,0,6,715.0,0,0,1,0,0,46.0,1,1,0,0,1,0,1,1,0,2017.0,1,0,0,1,0,2,2,1,1,0,0,1
281,2,0,6,715.0,0,0,1,0,0,48.0,0,1,0,0,1,0,1,1,0,2017.0,1,0,0,1,0,2,2,1,1,0,1,1
282,2,0,6,1033.0,0,0,1,0,0,32.0,1,1,0,0,0,0,1,1,0,2017.0,1,0,0,1,0,2,2,1,1,2,1,1
283,2,0,6,830.0,0,0,1,0,0,72.0,0,1,0,0,0,0,1,1,0,2017.0,1,0,0,1,0,2,2,1,1,3,1,1
284,2,0,6,1331.0,0,0,1,0,0,33.0,0,1,0,0,0,0,0,1,0,2017.0,1,0,0,1,2,2,2,1,0,3,1,1
285,2,0,6,1625.0,0,0,1,0,0,52.0,0,1,0,0,0,0,0,1,0,2017.0,1,0,0,2,2,2,2,1,0,2,1,2
286,2,0,6,855.0,0,0,1,0,0,24.0,1,1,0,0,0,0,0,1,0,2017.0,1,0,0,2,2,2,2,1,0,2,1,2
287,2,0,6,947.0,0,0,1,0,0,55.0,1,1,0,0,0,0,0,1,0,2017.0,1,0,0,2,2,2,2,1,0,2,1,2
288,2,0,6,1200.0,0,0,1,0,0,20.0,1,1,0,0,0,0,0,1,0,2017.0,1,0,0,2,2,2,2,1,0,3,1,2
289,2,0,6,730.0,0,0,1,0,1,30.0,1,1,0,0,0,0,0,1,0,2017.0,0,0,0,2,2,2,2,1,0,2,1,2
290,2,0,6,1715.0,0,0,1,0,1,51.0,0,1,0,0,0,0,0,1,0,2017.0,0,0,0,2,2,2,1,1,0,2,1,2
291,2,0,6,900.0,0,0,1,0,1,39.0,1,1,0,0,0,0,0,1,0,2017.0,0,0,0,2,2,0,1,1,0,1,1,2
292,2,0,6,1900.0,0,0,1,0,1,49.0,1,1,0,0,0,0,0,1,0,2017.0,0,0,1,2,2,1,1,5,0,2,1,2
293,2,0,6,1900.0,0,0,1,0,1,54.0,0,1,0,0,0,0,0,1,0,2017.0,0,0,1,2,2,1,1,5,0,2,1,2
294,2,0,6,1900.0,0,0,1,0,1,42.0,1,1,0,0,0,0,1,1,0,2017.0,0,0,1,2,3,1,0,5,1,2,1,2
295,2,0,6,430.0,0,0,1,0,1,21.0,1,1,0,0,0,0,1,1,0,2017.0,0,0,1,1,3,1,0,4,1,2,1,2
296,2,0,6,430.0,0,0,1,0,0,20.0,0,1,1,0,0,0,1,1,0,2017.0,0,0,1,0,3,1,0,4,1,2,1,2
297,2,0,6,805.0,0,0,1,0,0,27.0,0,1,1,0,0,0,1,1,0,2017.0,0,0,1,0,3,1,0,2,1,1,1,2
298,2,0,6,845.0,0,0,1,0,0,21.0,0,1,1,0,0,0,1,1,0,2017.0,0,0,1,0,3,1,0,5,1,3,1,2
299,2,0,6,1438.0,0,0,1,0,0,3.0,0,1,1,0,0,0,1,1,0,2017.0,0,0,1,0,3,1,0,1,1,2,1,2
300,2,0,6,1600.0,0,0,1,0,0,39.0,0,1,1,0,1,0,1,1,0,2017.0,0,0,1,0,3,1,0,1,1,2,1,2
301,2,0,6,2000.0,0,0,1,0,0,35.0,1,1,1,0,1,0,1,1,0,2017.0,0,0,1,0,3,1,0,1,1,2,1,2
302,2,0,6,40.0,0,0,1,0,0,18.0,1,1,1,0,1,0,1,1,0,2017.0,0,1,0,0,0,0,0,1,1,2,0,2
303,2,0,6,1640.0,0,0,1,0,0,35.0,0,1,1,0,1,0,1,1,0,2017.0,0,1,0,0,0,0,0,1,1,3,0,2
304,2,0,6,2056.0,0,0,1,0,0,44.0,0,1,1,0,1,0,1,1,0,2017.0,0,1,0,0,0,0,1,5,1,2,0,2
305,2,0,6,935.0,0,0,1,0,0,69.0,1,0,1,0,1,1,1,1,0,2017.0,0,1,0,0,0,0,1,1,0,2,0,2
306,2,0,6,1300.0,0,0,1,0,0,59.0,0,0,0,0,1,1,1,1,0,2017.0,0,1,0,1,0,0,1,1,0,2,0,2
307,2,0,6,1350.0,0,0,1,0,1,16.0,0,0,0,0,1,1,1,1,0,2017.0,0,1,0,1,0,0,1,1,0,2,0,2
308,2,0,6,1350.0,0,0,1,0,1,15.0,1,0,0,0,1,1,1,0,0,2017.0,0,1,0,1,0,0,1,1,0,2,0,2
309,2,0,6,1855.0,0,0,1,0,1,36.0,1,0,0,0,1,1,1,0,0,2017.0,0,1,0,1,0,0,1,1,0,2,0,2
310,2,0,6,1855.0,0,0,1,0,1,49.0,1,0,0,0,0,1,1,0,0,2017.0,0,1,0,1,0,2,1,1,0,2,0,1
311,2,0,6,2149.0,0,0,1,0,1,46.0,1,0,0,0,0,1,1,0,0,2017.0,0,1,1,1,0,2,1,1,0,2,0,1
312,2,0,6,2149.0,0,0,1,0,1,1.0,1,0,0,0,0,1,1,0,0,2017.0,0,1,1,1,3,2,1,1,0,2,1,1
313,2,0,6,2149.0,0,0,1,0,1,55.0,1,0,0,0,0,1,1,0,0,2017.0,0,1,1,1,3,2,2,1,0,2,1,1
314,2,0,6,2149.0,0,0,1,0,1,52.0,0,0,0,0,0,1,1,0,0,2017.0,0,1,1,1,3,2,2,1,0,2,1,1
315,2,0,6,2149.0,0,0,1,0,1,16.0,1,0,0,0,0,0,1,0,0,2017.0,0,1,1,1,3,2,2,1,1,2,1,1
316,2,0,6,1245.0,0,0,1,0,1,39.0,0,0,0,0,0,0,0,0,0,2017.0,0,1,1,1,3,2,2,3,1,2,1,1
317,2,0,6,1506.0,0,0,1,0,0,13.0,0,0,0,0,0,0,0,0,0,2017.0,0,1,1,1,3,2,2,5,1,2,1,1
318,2,0,6,1629.0,0,0,1,0,0,37.0,0,0,1,0,0,0,0,1,0,2017.0,0,1,1,2,3,2,2,1,1,2,1,1
319,2,0,6,1015.0,0,0,1,0,0,31.0,1,0,0,0,0,0,0,1,0,2017.0,1,1,1,2,3,2,2,1,1,2,1,1
320,2,0,5,1515.0,0,0,1,0,0,30.0,0,0,0,0,0,0,0,1,0,2017.0,1,1,1,2,3,0,2,1,1,2,1,2
321,2,0,5,1526.0,0,0,1,0,0,12.0,1,0,0,0,0,0,0,1,0,2017.0,1,1,0,2,3,1,2,1,1,2,1,2
322,2,0,5,1822.0,0,0,1,0,0,45.0,1,0,0,0,0,0,0,1,0,2017.0,1,0,0,2,3,1,2,1,1,1,1,2
323,2,0,5,43.0,0,0,1,0,0,26.0,1,0,0,0,0,0,0,1,0,2017.0,1,0,0,2,3,1,1,4,1,2,1,2
324,2,0,5,43.0,0,0,1,0,0,20.0,1,0,0,0,0,0,0,1,0,2017.0,1,0,1,2,3,1,1,4,1,2,1,2
325,2,0,5,905.0,0,0,1,0,0,17.0,1,0,0,0,0,0,0,1,0,2017.0,1,0,1,2,3,1,0,1,1,1,1,2
326,2,0,5,1730.0,0,0,1,0,0,21.0,0,0,0,0,0,0,1,1,0,2017.0,1,0,1,2,3,1,0,5,1,1,1,2
327,2,0,5,1500.0,0,0,1,0,0,11.0,0,0,0,0,0,0,1,1,0,2017.0,1,0,1,2,3,1,0,1,1,2,1,2
328,2,0,5,900.0,0,0,1,0,1,7.0,1,0,0,0,0,0,1,1,0,2017.0,1,0,1,1,3,1,0,1,1,2,1,2
329,2,0,5,1830.0,0,0,1,0,1,27.0,0,0,0,0,0,0,1,1,0,2017.0,0,0,1,1,3,1,0,1,1,2,1,2
330,2,0,5,1004.0,0,0,1,0,1,72.0,1,0,0,0,0,0,1,1,0,2017.0,0,0,1,1,0,1,0,1,1,1,1,2
331,2,0,5,1130.0,0,0,1,0,1,48.0,1,0,0,0,0,0,1,1,0,2017.0,0,0,1,1,0,1,0,1,1,0,0,2
332,2,0,5,1216.0,0,0,1,0,1,71.0,1,0,0,0,1,0,1,1,0,2017.0,0,0,1,1,0,1,0,1,1,2,0,2
333,2,0,5,1430.0,0,0,1,0,1,39.0,1,0,1,0,1,0,1,1,0,2017.0,0,0,1,1,0,1,0,1,0,2,0,2
334,2,4,5,1810.0,0,0,1,0,1,26.0,1,0,0,0,1,0,1,1,0,2017.0,0,0,0,1,0,1,0,1,0,1,0,2
335,2,4,5,33.0,0,0,1,0,1,81.0,1,0,0,0,1,0,1,1,0,2017.0,0,0,0,1,0,1,1,1,0,3,0,2
336,2,4,5,50.0,0,0,1,0,1,20.0,0,0,0,0,1,0,1,1,0,2017.0,0,0,0,1,0,1,1,1,0,2,0,2
337,2,4,5,320.0,0,0,1,0,1,33.0,1,0,0,0,1,0,1,1,0,2017.0,0,0,0,1,0,1,1,1,0,2,0,2
338,2,4,5,320.0,0,0,1,0,1,36.0,1,0,0,0,1,0,1,1,0,2017.0,0,0,0,1,0,1,1,1,0,2,0,2
339,2,4,5,320.0,0,0,1,0,1,42.0,0,0,0,0,1,0,1,1,0,2017.0,0,0,0,1,0,1,1,1,0,2,0,2
340,2,4,5,1813.0,0,0,1,0,1,56.0,1,0,0,0,1,0,1,1,0,2017.0,0,0,0,1,2,1,1,1,0,1,0,2
341,2,4,5,2320.0,0,0,1,0,1,36.0,1,0,0,0,1,0,1,1,0,2017.0,0,0,0,1,2,0,1,5,0,3,1,2
342,2,4,5,2320.0,0,0,1,0,1,51.0,1,0,0,0,1,0,1,1,0,2017.0,0,0,1,2,2,0,1,5,0,3,1,2
343,2,4,5,2320.0,0,0,1,0,1,46.0,0,0,1,0,1,0,1,1,0,2017.0,0,0,1,2,2,0,1,5,1,3,1,2
344,2,4,5,4.0,0,0,1,0,1,36.0,1,0,0,0,1,0,1,1,0,2017.0,0,0,1,2,2,2,1,5,1,2,1,2
345,2,4,5,1445.0,0,0,1,0,1,32.0,1,0,0,0,1,0,1,1,0,2017.0,0,0,1,2,2,2,2,1,1,2,1,2
346,2,4,5,810.0,0,0,1,0,1,53.0,0,0,0,0,1,0,1,1,0,2017.0,0,0,1,2,2,2,2,5,1,2,1,1
347,2,4,5,825.0,0,0,1,0,1,37.0,0,0,0,0,1,0,0,1,0,2017.0,0,1,1,2,2,2,2,1,1,2,1,1
348,2,4,5,1240.0,0,0,1,0,1,65.0,0,0,0,0,1,0,0,1,0,2017.0,0,1,1,2,2,2,2,1,1,2,1,1
349,2,4,5,1425.0,0,0,1,0,1,64.0,1,0,0,0,1,0,0,1,0,2017.0,0,1,1,2,2,2,2,5,1,2,1,1
350,2,4,5,754.0,0,0,1,0,1,51.0,1,0,0,0,1,0,0,1,0,2017.0,0,1,1,2,2,2,2,1,1,0,1,1
351,2,4,5,800.0,0,0,1,0,1,35.0,0,0,0,0,1,0,0,1,0,2017.0,0,1,1,2,2,2,2,1,1,2,1,1
352,2,4,5,1425.0,0,0,1,0,1,47.0,1,0,0,0,0,0,0,1,0,2017.0,1,1,0,1,2,2,2,1,1,1,1,1
353,2,4,5,1643.0,0,0,1,0,1,56.0,1,0,0,0,0,0,0,0,0,2017.0,1,1,0,1,2,2,2,1,1,2,1,1
354,2,4,5,1813.0,0,0,1,0,1,23.0,1,0,0,0,0,0,0,0,0,2017.0,1,1,0,0,2,0,2,1,1,1,1,1
355,2,4,5,1630.0,0,0,1,0,1,26.0,0,0,0,0,0,0,0,0,0,2017.0,1,1,0,0,2,1,1,1,1,2,0,1
356,2,4,5,658.0,0,0,1,0,1,21.0,1,0,0,0,0,0,0,0,0,2017.0,1,1,0,0,2,1,1,5,1,0,0,2
357,2,4,5,720.0,0,0,1,0,1,33.0,1,0,0,0,0,0,1,0,0,2017.0,1,0,0,0,2,1,1,1,1,2,0,2
358,2,4,5,720.0,0,0,1,0,1,32.0,0,0,0,0,0,0,1,0,0,2017.0,1,0,0,0,2,1,1,1,1,2,0,2
359,2,4,5,1221.0,0,0,1,0,1,66.0,1,0,0,0,0,0,1,0,0,2017.0,1,0,0,0,2,1,0,1,1,2,0,2
360,2,4,5,1246.0,0,0,1,0,1,19.0,0,0,0,0,0,0,1,0,0,2017.0,1,0,0,0,3,1,0,5,0,2,0,2
361,2,4,5,1551.0,0,0,1,0,1,15.0,0,0,0,0,0,1,1,0,0,2017.0,1,0,1,0,3,1,0,1,0,2,0,2
362,2,4,5,1626.0,0,0,1,0,1,28.0,0,0,0,0,0,1,1,0,0,2017.0,0,0,1,0,3,1,0,1,0,2,0,2
363,2,4,5,1626.0,0,0,1,0,1,58.0,0,0,0,0,1,1,1,1,0,2017.0,0,0,1,0,3,1,0,1,0,2,0,2
364,2,4,5,1815.0,0,0,1,0,1,50.0,1,0,0,0,1,1,1,1,0,2017.0,0,0,1,1,0,1,0,1,0,2,0,2
365,2,4,5,1835.0,0,0,1,0,1,22.0,1,0,0,0,1,1,1,1,0,2017.0,0,0,1,1,0,0,0,5,0,1,1,2
366,2,4,5,1146.0,0,0,1,0,1,54.0,0,0,0,0,1,1,1,1,0,2017.0,0,0,1,1,0,0,0,1,0,2,1,2
367,2,4,5,1146.0,0,0,1,0,1,83.0,0,0,0,0,1,1,1,1,0,2017.0,0,0,1,1,0,1,0,1,0,2,1,2
368,2,4,5,1255.0,0,0,1,0,1,28.0,1,0,1,0,1,1,1,1,0,2017.0,0,0,1,2,0,1,0,1,0,1,1,2
369,2,4,5,1340.0,0,0,1,0,1,25.0,0,0,1,0,1,1,1,1,0,2017.0,0,0,1,2,0,1,0,1,0,2,1,2
370,2,4,1,1340.0,0,0,1,0,1,25.0,0,0,1,0,1,1,1,1,0,2017.0,0,0,1,2,0,1,0,1,1,2,1,2
371,2,4,1,1340.0,0,0,1,0,1,29.0,0,0,1,0,1,0,1,1,0,2017.0,0,0,0,2,0,1,0,1,1,2,1,2