,State,month,day,time,harmful-event,manner-of-collision,person-type,seating-position,age,age-range,gender,race,injury-severity,air-bag,transported-for-treatment,protection-system,ejection,extrication,dead-on-arrival,year-of-death,alcohol-test,drug-test,road-type,n0-of-lanes,sorrounding-area,road-features,light-condion,weather-conditions,following-traffic-rules,type-of-vehicle,causality-class,Severity Class
372,2,4,1,1836.0,0,0,1,0,1,25.0,0,0,1,0,1,0,1,1,0,2017.0,0,1,0,2,0,1,0,1,1,2,1,2
373,2,4,1,1836.0,0,0,1,0,1,27.0,1,0,1,0,0,0,1,1,0,2017.0,0,1,0,2,0,1,0,1,1,2,1,2
374,2,4,1,1836.0,0,0,1,0,1,44.0,1,0,1,0,0,0,1,1,0,2017.0,0,1,0,2,2,1,0,1,1,2,1,2
375,2,4,1,815.0,0,0,1,0,1,16.0,1,0,1,0,0,0,1,1,0,2017.0,0,1,0,2,2,1,0,1,1,1,1,2
376,2,4,1,1030.0,0,0,1,0,1,33.0,1,0,1,0,0,0,1,1,0,2017.0,0,1,0,2,2,1,0,5,0,2,1,2
377,2,4,1,1435.0,0,0,1,0,1,32.0,0,0,1,0,0,0,0,1,0,2017.0,0,1,0,2,2,0,0,5,0,1,0,2
378,2,4,1,1900.0,0,0,1,0,1,44.0,1,0,0,0,0,0,0,1,0,2017.0,0,1,0,1,2,0,0,5,0,2,0,2
379,2,4,1,1910.0,0,0,1,0,1,44.0,1,0,0,0,0,0,0,1,0,2017.0,0,1,0,0,2,0,1,1,0,2,0,2
380,2,4,1,820.0,0,0,1,0,1,39.0,0,0,0,0,0,0,0,1,0,2017.0,0,1,0,0,2,0,1,1,0,2,0,2
381,2,4,1,1110.0,0,0,1,1,1,2.0,0,0,0,0,0,0,0,1,0,2017.0,0,1,0,0,2,0,1,1,0,3,0,2
382,2,4,1,2045.0,0,0,1,1,1,36.0,0,0,1,0,0,0,0,1,0,2017.0,0,0,0,0,2,2,2,5,0,2,0,2
383,2,4,1,2045.0,0,0,1,1,1,32.0,1,0,0,0,0,0,0,1,0,2017.0,0,0,0,0,2,2,2,5,0,2,0,1
384,2,4,1,910.0,0,0,1,1,1,23.0,0,0,0,0,0,0,0,1,0,2017.0,0,0,0,0,3,2,2,1,0,3,0,1
385,2,4,1,1405.0,0,0,1,1,1,21.0,1,0,0,0,0,0,0,1,0,2017.0,0,0,0,0,3,2,2,1,0,2,0,1
386,2,4,1,826.0,0,0,1,1,1,20.0,1,0,0,0,0,0,0,1,0,2017.0,0,0,1,0,3,2,2,1,1,0,0,1
387,2,4,1,1130.0,0,1,1,1,1,48.0,0,0,0,0,0,0,1,1,0,2017.0,0,0,1,0,3,2,2,1,1,2,1,1
388,2,4,1,2015.0,0,1,1,1,1,31.0,1,0,0,0,0,0,1,1,0,2017.0,1,0,1,0,3,2,2,5,1,2,1,1
389,2,4,1,2015.0,0,1,1,1,1,9.0,1,0,1,0,0,0,1,1,0,2017.0,1,0,1,1,3,2,2,5,1,2,1,1
390,2,4,1,2015.0,0,1,1,1,1,7.0,1,0,1,0,0,0,1,1,0,2017.0,1,0,1,1,3,2,2,5,1,2,1,1
391,2,4,1,1312.0,0,1,1,1,1,64.0,0,0,1,0,0,0,1,1,0,2017.0,1,0,1,1,3,2,2,1,1,1,1,1
392,2,4,1,1515.0,0,1,1,1,1,73.0,1,0,1,0,0,0,1,1,0,2017.0,1,0,1,0,3,0,1,1,1,1,1,1
393,2,4,1,945.0,0,1,1,1,1,80.0,0,0,1,0,0,0,1,1,0,2017.0,1,0,1,0,0,0,1,1,1,3,1,2
394,2,4,1,1715.0,0,1,1,1,1,45.0,0,0,1,0,0,0,1,1,0,2017.0,1,0,1,0,0,2,1,1,1,1,1,2
395,2,4,1,2055.0,0,1,1,1,1,35.0,0,0,1,0,0,0,1,1,0,2017.0,1,0,1,0,0,2,1,1,1,2,1,2
396,2,4,1,2055.0,0,1,1,1,1,42.0,0,0,1,0,0,0,1,1,0,2017.0,1,0,0,0,0,2,1,1,1,2,1,2
397,2,4,1,817.0,0,1,1,1,1,44.0,1,0,1,0,0,0,1,1,0,2017.0,1,0,0,0,0,2,0,1,1,2,1,2
398,2,4,1,1410.0,0,1,1,1,1,37.0,1,0,1,0,0,0,1,0,0,2017.0,0,0,0,0,0,2,0,5,1,2,1,2
399,2,4,1,1700.0,0,1,1,1,1,7.0,0,0,0,0,0,0,1,0,0,2017.0,0,0,0,0,0,2,0,1,0,2,1,2
400,2,4,1,1038.0,0,1,1,1,1,23.0,0,0,0,0,0,0,1,0,0,2017.0,0,1,0,0,0,2,0,1,0,2,1,2
401,2,4,1,2207.0,0,1,1,1,1,57.0,1,0,0,0,0,0,1,0,0,2017.0,0,1,0,0,0,2,0,1,0,2,1,2
402,2,4,1,2207.0,0,1,1,1,1,22.0,0,0,0,0,0,0,1,0,0,2017.0,0,1,0,1,0,2,0,1,0,2,1,2
403,2,4,1,853.0,0,1,1,1,1,34.0,0,0,0,0,0,0,1,0,0,2017.0,0,1,1,1,2,2,0,1,0,2,1,2
404,2,4,1,853.0,0,1,1,1,1,42.0,1,0,0,0,0,0,1,0,0,2017.0,0,1,1,1,2,0,0,1,0,2,1,2
405,2,4,1,1535.0,0,1,1,1,1,31.0,0,1,0,0,1,0,1,0,0,2017.0,0,1,1,1,2,0,0,1,0,2,1,2
406,2,4,1,1738.0,0,1,1,1,1,20.0,1,1,0,0,1,1,1,0,0,2017.0,0,1,1,1,2,1,0,1,0,0,1,2
407,2,4,1,2015.0,0,1,1,1,1,15.0,1,1,0,0,1,1,1,0,0,2017.0,0,1,1,1,2,1,1,1,0,1,1,2
408,2,4,1,2030.0,0,1,1,1,1,24.0,0,1,0,0,1,1,1,1,0,2017.0,0,1,1,1,2,1,1,1,0,2,1,2
409,2,4,1,2030.0,0,1,1,1,1,42.0,1,1,0,0,1,1,1,1,0,2017.0,0,1,1,1,2,1,1,1,1,2,1,2
410,2,4,1,1334.0,0,1,1,1,1,36.0,0,1,0,0,1,1,1,1,0,2017.0,0,0,1,1,2,1,1,1,0,2,1,2
411,2,4,1,1334.0,0,1,1,1,1,33.0,0,1,0,0,1,1,1,1,0,2017.0,1,0,1,1,2,1,1,1,0,2,0,2
412,2,4,1,1400.0,0,1,1,1,1,46.0,1,1,0,0,1,1,1,1,0,2017.0,1,0,1,1,2,1,1,1,0,0,0,2
413,2,4,1,1327.0,0,1,1,1,1,67.0,0,1,0,0,1,1,1,1,0,2017.0,1,0,0,2,2,1,1,1,0,2,0,2
414,2,4,1,1440.0,0,1,1,1,1,4.0,1,1,0,0,1,1,1,1,0,2017.0,1,0,0,2,2,1,1,1,0,1,0,2
415,2,4,1,1442.0,0,1,1,1,1,37.0,1,1,0,0,0,1,1,1,0,2017.0,1,0,0,2,2,1,1,1,0,2,0,2
416,2,4,1,1453.0,0,1,1,1,1,56.0,1,1,0,0,0,0,1,1,0,2017.0,1,0,0,2,2,0,2,1,0,0,0,2
417,2,4,1,2322.0,0,1,1,1,1,45.0,0,1,0,0,0,0,1,1,0,2017.0,1,0,0,2,2,0,2,5,0,2,0,2
418,2,4,1,1330.0,0,1,1,1,1,32.0,1,1,0,0,0,0,1,1,0,2017.0,1,0,0,2,2,0,2,5,0,1,0,1
419,2,4,1,1715.0,0,1,1,1,1,26.0,1,1,0,0,0,0,1,1,0,2017.0,1,0,0,2,2,0,2,1,0,2,0,1
420,2,4,1,2115.0,0,1,1,1,1,30.0,1,1,0,0,0,0,1,1,0,2017.0,1,0,0,2,2,2,2,1,1,2,0,1
421,2,4,1,735.0,0,1,1,1,1,18.0,0,1,0,0,0,0,1,1,0,2017.0,0,0,0,2,2,2,2,1,1,2,1,1
422,2,4,1,815.0,0,1,1,1,1,38.0,1,1,0,0,0,0,1,1,0,2017.0,0,0,0,2,2,2,2,1,1,1,1,1
423,2,4,1,905.0,0,1,1,1,1,40.0,0,1,0,0,0,0,1,1,0,2017.0,0,0,0,1,3,2,2,1,0,1,1,1
424,2,4,1,916.0,0,1,1,1,1,73.0,0,1,0,0,0,0,1,1,0,2017.0,0,1,0,1,0,2,2,1,0,2,1,1
425,2,4,1,1145.0,0,1,1,1,1,69.0,0,1,0,0,0,0,1,1,0,2017.0,0,1,1,0,0,2,2,1,0,2,1,1
426,2,4,1,1740.0,0,1,1,1,1,6.0,1,1,0,0,0,0,1,1,0,2017.0,0,1,1,0,0,2,1,1,0,3,1,1
427,2,4,1,714.0,0,1,1,1,1,42.0,1,1,0,0,0,0,1,1,0,2017.0,0,1,1,0,0,2,0,1,0,0,1,1
428,2,4,1,1015.0,0,1,1,1,1,89.0,0,1,1,0,0,0,1,1,0,2017.0,0,1,1,0,0,2,0,1,0,3,1,2
429,2,4,1,800.0,0,1,1,1,1,51.0,1,1,0,0,0,0,0,1,0,2017.0,0,1,1,0,0,2,0,1,0,0,1,2
430,2,4,1,1900.0,0,1,1,1,1,31.0,0,1,0,0,0,0,0,1,0,2017.0,0,1,1,0,0,0,0,1,0,2,1,2
431,2,4,1,1950.0,0,1,1,1,1,27.0,1,1,0,0,0,0,0,1,0,2017.0,0,1,1,0,0,0,0,1,0,2,1,2
432,2,4,1,1610.0,0,1,1,1,1,36.0,0,1,0,0,0,0,0,1,0,2017.0,0,1,1,0,0,1,0,1,0,2,1,2
433,2,4,1,820.0,0,1,1,1,1,40.0,1,1,0,0,0,0,0,0,0,2017.0,0,1,1,0,0,1,0,1,1,1,1,2
434,2,4,1,1815.0,0,1,1,1,1,16.0,1,1,0,0,0,0,0,0,0,2017.0,0,0,1,0,2,1,0,5,1,2,1,2
435,2,4,1,1745.0,0,1,1,1,1,21.0,1,1,0,0,0,0,0,0,0,2017.0,0,0,1,1,2,1,0,4,1,1,1,2
436,2,4,1,2300.0,0,1,1,1,1,48.0,1,1,0,0,0,0,0,0,0,2017.0,0,0,1,0,2,1,0,1,1,1,1,2
437,2,4,1,37.0,0,1,1,1,1,36.0,1,1,0,0,1,0,0,0,0,2017.0,0,0,1,0,2,1,1,1,1,2,1,2
438,2,4,1,1440.0,0,1,1,1,1,39.0,1,1,0,0,1,0,0,0,0,2017.0,0,0,1,0,2,1,1,1,1,2,1,2
439,2,4,1,1210.0,0,1,1,1,1,44.0,0,1,0,0,1,0,1,0,0,2017.0,0,0,1,0,2,1,1,1,1,2,1,2
440,2,4,1,1350.0,0,1,1,1,1,30.0,0,1,0,0,1,0,1,0,0,2017.0,0,0,1,0,2,1,1,1,1,2,1,2
441,2,4,1,1640.0,0,1,1,1,1,46.0,1,1,0,0,1,0,1,0,0,2017.0,0,0,1,0,2,1,1,1,1,2,1,2
442,2,4,1,1815.0,0,1,1,1,1,43.0,1,1,0,0,1,0,1,0,0,2017.0,0,0,1,0,2,1,1,5,1,2,1,2
443,2,4,1,1930.0,0,1,1,1,1,27.0,1,1,1,0,1,0,1,1,0,2017.0,0,0,1,0,2,1,2,1,1,1,1,2
444,2,4,1,1825.0,0,1,1,1,1,20.0,1,1,1,0,1,1,1,1,0,2017.0,0,0,1,0,3,1,2,1,1,1,1,2
445,2,4,1,2245.0,0,1,1,1,1,21.0,1,0,1,0,1,1,1,1,0,2017.0,1,0,0,0,3,1,2,1,1,2,1,2
446,2,4,1,1000.0,0,1,1,1,1,29.0,0,0,1,0,1,1,1,1,0,2017.0,1,1,0,1,3,1,2,3,1,2,0,2
447,2,4,1,1240.0,0,1,1,1,1,27.0,0,0,1,0,0,1,1,1,0,2017.0,1,1,0,1,3,1,2,1,1,2,0,2
448,2,4,1,1355.0,0,1,1,1,1,43.0,0,0,1,0,0,1,1,1,0,2017.0,1,1,0,1,3,1,2,1,1,2,0,1
449,2,4,1,1946.0,0,1,1,1,1,31.0,1,0,1,0,0,1,1,1,0,2017.0,1,1,1,1,3,1,2,1,1,2,0,1
450,2,4,1,1946.0,0,1,1,1,1,19.0,1,0,1,0,0,1,1,1,0,2017.0,1,1,1,1,3,1,2,1,1,2,0,1
451,2,4,1,1230.0,0,1,1,1,1,36.0,1,0,1,0,0,1,1,1,0,2017.0,1,1,1,1,3,1,2,1,1,2,0,1
452,2,4,1,845.0,0,1,1,1,1,33.0,1,0,1,0,0,1,1,1,0,2017.0,1,1,1,2,3,0,2,1,1,1,0,1
453,2,4,1,850.0,0,1,1,1,1,23.0,1,0,0,0,0,1,1,1,0,2017.0,1,1,1,2,0,2,1,5,1,2,0,1
454,2,4,1,900.0,0,1,0,1,1,30.0,0,0,0,0,0,0,1,1,0,2017.0,1,1,1,2,0,2,0,5,1,2,0,1
455,2,4,1,755.0,0,1,0,1,1,10.0,1,0,0,0,0,0,1,1,0,2017.0,0,1,1,2,0,2,0,6,1,1,0,1
456,2,4,1,955.0,0,1,0,1,1,16.0,1,0,0,0,0,0,1,1,0,2017.0,0,0,1,2,0,2,0,1,1,0,1,1
457,2,4,1,1645.0,0,1,0,1,1,27.0,1,0,0,0,0,0,1,1,0,2017.0,0,0,1,2,0,2,0,1,1,2,1,1
458,2,4,1,1652.0,0,1,0,1,1,54.0,0,0,0,0,0,0,1,1,0,2017.0,0,0,1,2,0,2,0,0,1,2,1,2
459,2,4,1,1650.0,0,1,0,1,1,26.0,1,0,0,0,0,0,1,1,0,2017.0,0,0,0,2,0,2,0,1,1,0,1,2
460,2,4,1,1935.0,0,1,0,1,1,16.0,1,0,0,0,0,0,0,1,0,2017.0,0,0,0,2,0,2,0,1,0,2,1,2
461,2,4,1,1830.0,0,1,0,1,1,26.0,1,0,0,0,0,0,0,1,0,2017.0,0,0,0,2,0,2,0,1,0,0,1,2
462,2,4,1,1115.0,0,1,0,1,1,28.0,0,0,0,0,0,0,0,1,0,2017.0,0,0,0,0,0,2,0,5,0,2,1,2
463,2,4,1,1130.0,0,1,0,1,1,27.0,1,0,0,0,0,0,0,1,0,2017.0,0,0,1,0,3,0,0,5,0,2,1,2
464,2,4,1,1322.0,0,1,0,1,1,39.0,0,0,0,0,0,0,0,0,0,2017.0,0,0,1,0,2,1,1,4,0,2,1,2
465,2,4,1,1345.0,0,1,0,1,1,35.0,0,0,0,0,0,0,0,0,0,2017.0,0,0,1,0,2,1,1,5,0,2,1,2
466,2,4,1,1500.0,0,1,0,1,1,64.0,0,0,0,0,0,0,0,0,0,2017.0,0,0,1,0,2,1,1,1,0,3,1,2
467,2,3,1,1634.0,0,1,0,1,1,22.0,0,0,0,0,0,0,0,0,0,2017.0,0,1,1,0,2,1,1,1,0,3,1,2
468,2,3,1,1634.0,0,1,0,1,1,22.0,0,0,0,0,0,0,0,0,0,2017.0,0,1,1,0,2,1,2,1,0,3,1,2
469,2,3,1,1910.0,0,1,0,1,1,23.0,0,0,0,0,1,0,0,0,0,2017.0,0,1,1,0,2,1,2,5,0,2,1,2
470,2,3,1,1918.0,0,1,0,1,1,47.0,1,0,0,0,1,0,1,0,0,2017.0,0,1,1,0,2,1,2,5,0,2,1,2
471,2,3,1,1918.0,0,1,0,1,1,12.0,0,0,0,0,1,0,1,0,0,2017.0,0,1,1,0,2,1,2,5,0,2,0,2
472,2,3,1,1918.0,0,1,0,1,1,9.0,0,0,0,0,1,0,1,0,0,2017.0,0,1,1,1,3,1,2,5,0,2,0,2
473,2,3,1,820.0,0,1,0,1,1,52.0,0,0,0,0,1,1,1,0,0,2017.0,0,1,0,1,3,1,2,1,0,2,0,2
474,2,3,1,1235.0,0,1,0,1,1,21.0,1,0,1,0,1,1,1,1,0,2017.0,0,1,0,1,3,0,2,1,0,2,0,2
475,2,3,1,1235.0,0,1,0,1,1,90.0,1,0,0,0,1,1,1,1,0,2017.0,0,1,0,1,3,0,2,1,0,2,0,2
476,2,3,1,1235.0,0,1,0,1,1,84.0,0,0,0,0,1,1,1,1,0,2017.0,1,1,0,1,3,0,2,1,0,2,0,2
477,2,3,1,1716.0,0,1,0,1,1,75.0,0,0,0,0,1,1,1,1,0,2017.0,1,0,0,1,3,0,2,1,0,2,0,2
478,2,3,1,1755.0,0,1,0,1,1,31.0,1,0,0,0,1,1,1,1,0,2017.0,1,0,0,1,3,0,2,1,0,2,0,2
479,2,3,1,900.0,0,1,0,1,1,24.0,1,0,0,0,0,1,1,1,0,2017.0,1,0,1,1,0,2,2,1,0,0,0,2
480,2,3,1,830.0,0,1,0,0,1,12.0,1,0,0,0,0,1,1,1,0,2017.0,1,0,1,2,0,2,2,1,0,1,0,2
481,2,3,1,1200.0,0,1,0,0,1,17.0,0,0,0,0,0,1,1,1,0,2017.0,1,0,1,2,0,2,2,1,0,2,1,2
482,2,3,1,1420.0,0,1,0,0,1,19.0,0,0,0,0,0,1,1,1,0,2017.0,1,0,1,2,0,2,2,1,0,2,1,2
483,2,3,1,1635.0,0,1,0,0,1,30.0,0,0,0,0,0,0,1,1,0,2017.0,1,0,1,2,0,2,2,1,0,2,1,2
484,2,3,1,1815.0,0,1,0,0,1,21.0,1,0,0,0,0,0,1,1,0,2017.0,1,0,1,2,0,2,2,1,0,2,1,2
485,2,3,1,1815.0,0,1,0,0,1,20.0,1,0,0,0,0,0,1,1,0,2017.0,1,0,1,2,0,2,2,1,0,2,1,2
486,2,3,1,1815.0,0,1,0,0,1,19.0,1,0,0,0,0,0,1,1,0,2017.0,0,0,1,2,0,2,2,1,0,2,1,2
487,2,3,1,403.0,0,1,0,0,1,19.0,0,0,0,0,0,0,1,1,0,2017.0,0,0,1,2,0,2,2,1,0,2,1,2
488,2,3,1,1230.0,0,1,0,0,1,89.0,1,0,0,0,0,0,1,1,0,2017.0,0,0,1,2,0,2,2,1,0,2,1,2
489,2,3,1,1200.0,0,1,0,0,1,26.0,0,0,0,0,0,0,1,1,0,2017.0,0,0,0,2,1,0,2,1,0,2,1,2
490,2,3,6,1230.0,0,1,0,0,1,12.0,0,0,0,0,0,0,1,1,0,2017.0,0,0,0,1,1,1,2,3,1,2,1,2
491,2,3,6,1230.0,0,1,0,0,1,10.0,0,0,0,0,0,0,1,1,0,2017.0,0,0,0,1,1,1,2,3,1,2,1,2
492,2,3,6,1251.0,0,1,0,0,1,9.0,0,0,0,0,0,0,1,1,0,2017.0,0,1,0,1,1,1,2,1,1,2,1,2
493,2,3,6,1251.0,0,1,0,0,1,8.0,1,0,0,0,0,0,1,1,0,2017.0,0,1,0,1,1,1,2,1,1,2,1,2
494,2,3,6,1320.0,0,1,0,0,1,71.0,0,0,1,0,0,0,1,0,0,2017.0,0,1,0,1,1,1,2,1,0,2,0,2
495,2,3,6,1320.0,0,1,0,0,1,77.0,0,0,1,0,0,0,1,0,0,2017.0,0,1,0,1,1,1,2,1,0,2,0,2
496,2,3,6,1514.0,0,1,0,0,1,27.0,1,0,1,0,0,0,1,0,0,2017.0,0,1,1,1,1,1,2,1,0,3,0,2
497,2,3,6,1940.0,0,1,0,0,1,53.0,1,0,1,0,0,0,0,0,0,2017.0,0,1,1,1,1,1,2,1,0,0,0,2
498,2,3,6,2040.0,0,1,0,0,1,9.0,1,0,1,0,0,0,0,0,0,2017.0,0,1,1,1,1,1,2,1,0,2,0,2
499,2,3,6,1245.0,0,1,0,0,1,42.0,1,0,1,0,0,0,0,0,0,2017.0,0,1,1,1,3,1,2,1,0,1,0,1
500,2,3,6,635.0,0,1,0,0,1,59.0,1,0,1,0,0,0,0,0,0,2017.0,0,1,1,1,3,0,2,1,0,0,0,1
501,2,3,6,730.0,0,1,0,0,1,23.0,1,0,1,0,0,0,0,0,0,2017.0,0,1,1,1,3,0,2,1,0,3,0,1
502,2,3,6,750.0,0,1,0,0,1,24.0,0,0,1,0,0,1,0,0,0,2017.0,0,0,1,2,3,0,2,1,0,2,0,1
503,2,3,6,1030.0,0,1,0,0,1,18.0,1,0,1,0,1,1,0,0,0,2017.0,0,0,1,2,3,0,2,1,0,2,0,1
504,2,3,6,1030.0,0,1,0,0,1,17.0,1,0,0,0,1,1,0,1,0,2017.0,0,0,1,2,0,2,2,1,1,2,1,1
505,2,3,6,1258.0,0,1,0,0,1,29.0,0,0,0,0,1,1,0,1,0,2017.0,0,0,1,2,0,2,2,1,1,2,1,1
506,2,3,6,1258.0,0,1,0,0,1,32.0,1,0,0,0,1,1,0,1,0,2017.0,0,0,0,2,0,2,2,1,1,2,1,1
507,2,3,6,800.0,0,1,0,0,1,14.0,1,0,0,0,1,1,1,1,0,2017.0,0,0,0,2,0,2,2,1,1,1,0,1
508,2,3,6,708.0,0,1,0,0,1,21.0,0,0,0,0,1,1,1,1,0,2017.0,1,0,0,2,0,2,1,1,1,2,0,1
509,2,3,6,1000.0,0,1,0,0,1,35.0,0,0,0,0,1,1,1,1,0,2017.0,1,0,0,2,0,2,1,1,1,2,0,2
510,2,3,6,1700.0,0,1,0,0,1,51.0,1,0,0,0,1,1,1,1,0,2017.0,1,0,0,2,0,2,1,1,1,1,0,2
511,2,3,6,1500.0,0,1,0,0,1,1.0,0,0,0,0,1,1,1,1,0,2017.0,1,0,0,2,0,2,0,1,1,3,0,2
512,2,3,6,540.0,0,1,0,0,1,29.0,1,0,0,0,1,0,1,1,0,2017.0,1,0,0,0,0,2,0,1,0,1,0,2
513,2,3,6,1124.0,0,1,0,0,1,20.0,0,0,0,0,0,0,1,1,0,2017.0,1,0,0,0,0,2,0,5,0,2,0,2
514,2,3,6,1455.0,0,1,0,0,1,52.0,0,0,0,0,0,0,1,1,0,2017.0,1,0,0,0,1,0,0,5,0,2,0,2
515,2,3,6,1522.0,0,1,0,0,1,19.0,1,0,0,0,0,0,1,1,0,2017.0,1,0,0,0,1,1,0,5,0,1,0,2
516,2,3,6,1543.0,0,1,0,0,1,31.0,0,0,0,0,0,0,1,1,0,2017.0,1,0,0,0,1,1,0,1,0,2,0,2
517,2,3,6,1625.0,0,1,0,0,1,24.0,1,0,0,0,0,0,1,1,0,2017.0,1,0,0,0,1,1,0,1,0,0,1,2
518,2,3,6,1640.0,0,1,0,0,1,35.0,1,0,0,0,0,0,1,1,0,2017.0,0,0,0,0,1,1,0,5,0,1,1,2
519,2,3,6,1716.0,0,1,1,0,1,20.0,0,0,0,0,0,0,1,1,0,2017.0,0,0,0,0,1,1,0,1,0,2,1,2
520,2,3,6,1716.0,0,1,1,0,1,26.0,0,0,0,0,0,0,1,1,0,2017.0,0,0,0,0,1,1,0,1,0,2,1,2
521,2,3,6,1730.0,0,1,1,0,1,20.0,1,0,0,0,0,0,1,1,0,2017.0,0,1,0,0,1,1,1,1,0,0,1,2
522,2,3,6,1032.0,0,1,1,0,1,46.0,1,0,0,0,0,0,1,1,0,2017.0,0,1,0,1,1,1,1,1,1,2,1,2
523,2,3,6,1440.0,0,1,1,0,1,35.0,1,0,1,0,0,0,1,0,0,2017.0,0,1,0,1,1,1,1,1,1,1,1,2
524,2,3,6,1549.0,0,1,1,0,1,9.0,1,0,0,0,0,0,1,0,0,2017.0,0,1,0,2,1,1,1,1,1,2,0,2
525,2,3,6,1620.0,0,1,1,0,1,4.0,1,0,0,0,0,0,1,0,0,2017.0,0,1,0,2,1,0,1,1,1,2,0,2
526,2,3,6,30.0,0,1,1,0,1,33.0,0,0,0,0,0,0,1,0,0,2017.0,0,1,0,2,1,0,1,1,1,2,0,2
527,2,3,6,1130.0,0,1,1,0,1,21.0,1,0,0,0,0,0,1,0,0,2017.0,0,1,0,2,1,2,1,1,1,1,0,2
528,2,3,6,1237.0,0,1,1,0,1,39.0,1,0,0,0,0,0,1,0,0,2017.0,0,1,1,2,1,2,1,1,1,1,0,2
529,2,3,6,1550.0,0,1,1,0,1,11.0,0,0,0,0,0,0,1,0,0,2017.0,0,1,1,2,1,2,1,1,1,3,0,2
530,2,3,4,1600.0,0,1,1,0,1,20.0,0,0,0,0,0,0,1,0,0,2017.0,0,1,1,2,1,2,0,1,1,3,0,2
531,2,3,4,1930.0,0,1,1,0,1,4.0,1,0,0,0,0,0,0,0,0,2017.0,0,1,1,2,1,2,0,1,1,2,0,2
532,2,3,4,1200.0,0,1,1,0,1,58.0,1,0,0,0,0,0,0,0,0,2017.0,0,1,1,2,1,2,0,1,1,2,0,2
533,2,3,4,1559.0,0,1,1,0,1,51.0,1,0,0,0,0,0,0,1,0,2017.0,0,1,1,2,1,2,0,1,1,2,0,2
534,2,3,4,1559.0,0,1,1,0,1,60.0,0,0,0,0,0,0,0,1,0,2017.0,0,1,1,1,3,2,0,1,1,2,1,2
535,2,3,4,1812.0,0,1,1,0,1,5.0,0,0,0,0,0,0,0,1,0,2017.0,0,1,1,1,3,2,0,1,1,0,1,2
536,2,3,4,945.0,0,1,1,0,1,17.0,1,0,0,0,0,0,0,1,0,2017.0,0,1,1,1,3,2,0,1,1,0,1,2
537,2,3,4,1733.0,0,1,1,0,1,31.0,1,0,0,0,1,0,0,1,0,2017.0,0,1,1,1,3,0,0,1,1,2,0,2
538,2,3,4,1853.0,0,1,1,0,1,27.0,0,0,0,0,1,0,0,1,0,2017.0,0,1,0,0,3,1,0,1,1,2,0,2
539,2,3,4,1853.0,0,1,1,0,1,23.0,0,0,0,0,1,0,0,1,0,2017.0,0,1,0,0,3,1,0,1,1,2,0,2
540,2,3,4,1853.0,0,1,1,0,1,20.0,0,0,0,0,1,0,0,1,0,2017.0,0,1,0,0,3,1,1,1,1,2,0,2
541,2,3,4,1919.0,0,1,1,0,1,17.0,1,0,0,0,1,0,1,1,0,2017.0,0,1,0,0,0,1,1,1,0,0,0,2
542,2,3,4,1025.0,0,1,1,0,1,76.0,1,0,0,0,1,0,1,1,0,2017.0,0,1,0,0,0,1,1,1,0,2,0,2
543,2,3,4,1610.0,0,1,1,0,1,22.0,1,0,0,0,1,0,1,1,0,2017.0,0,1,0,0,0,1,2,1,0,1,0,2
544,2,3,4,1525.0,0,1,1,0,1,44.0,0,0,0,0,1,0,1,1,0,2017.0,0,1,0,0,0,1,2,1,0,2,0,2
545,2,3,4,2350.0,0,1,1,0,1,44.0,0,0,0,0,1,0,1,1,0,2017.0,0,1,0,0,0,1,2,1,0,2,0,2
546,2,3,4,535.0,0,1,1,0,1,18.0,1,0,0,0,1,0,1,1,0,2017.0,0,1,0,0,0,1,2,1,0,0,0,2
547,2,3,4,740.0,0,1,1,0,1,19.0,1,0,0,0,0,0,1,1,0,2017.0,0,1,0,0,0,1,2,1,0,2,1,2
548,2,3,4,830.0,0,1,1,0,1,53.0,1,0,0,0,0,0,1,1,0,2017.0,0,1,0,1,0,0,2,1,0,2,1,2
549,2,3,4,830.0,0,1,1,0,1,36.0,0,0,0,0,0,0,1,1,0,2017.0,0,1,0,1,0,0,2,1,0,2,1,2
550,2,3,4,830.0,0,1,1,0,1,41.0,1,0,0,0,0,0,1,1,0,2017.0,0,1,0,1,0,0,2,1,0,2,1,2
551,2,3,4,1100.0,0,1,1,0,1,23.0,0,0,0,0,0,0,1,1,0,2017.0,0,0,0,2,1,0,2,1,1,2,1,1
552,2,3,4,1830.0,0,1,1,0,1,58.0,0,0,0,0,0,0,1,1,0,2017.0,0,0,0,2,1,0,2,1,1,1,1,1
553,2,3,4,1200.0,0,1,1,0,1,25.0,0,0,0,0,0,0,1,1,0,2017.0,1,0,0,2,1,0,1,1,1,3,1,1
554,2,3,4,1330.0,0,1,1,0,1,22.0,0,0,0,0,0,0,1,1,0,2017.0,1,0,0,2,1,2,1,1,1,2,1,1
555,2,3,4,1751.0,0,1,1,0,1,29.0,1,0,0,0,0,0,1,1,0,2017.0,1,0,0,2,1,2,0,1,1,0,1,1
556,2,3,4,1750.0,0,1,1,0,1,51.0,1,0,0,0,0,1,1,1,0,2017.0,1,0,0,2,1,2,0,1,1,2,1,1