,State,month,day,time,harmful-event,manner-of-collision,person-type,seating-position,age,age-range,gender,race,injury-severity,air-bag,transported-for-treatment,protection-system,ejection,extrication,dead-on-arrival,year-of-death,alcohol-test,drug-test,road-type,n0-of-lanes,sorrounding-area,road-features,light-condion,weather-conditions,following-traffic-rules,type-of-vehicle,causality-class,Severity Class
557,2,3,4,1755.0,0,1,1,0,1,45.0,1,0,0,0,0,1,1,0,0,2017.0,1,0,0,2,1,2,0,1,1,2,1,1
558,2,3,4,1010.0,0,1,1,0,1,71.0,1,0,0,0,0,1,1,0,0,2017.0,1,0,1,2,1,2,0,1,1,2,1,1
559,2,3,4,1010.0,0,1,1,0,1,38.0,1,0,0,0,0,1,1,0,0,2017.0,1,0,1,2,1,2,0,1,1,2,1,1
560,2,3,4,1050.0,0,1,1,0,1,53.0,1,0,0,0,0,1,1,0,0,2017.0,1,0,1,2,1,2,0,1,1,2,1,1
561,2,3,4,1050.0,0,1,1,0,1,25.0,0,0,0,0,1,1,1,0,0,2017.0,1,0,1,1,3,2,0,1,1,2,1,2
562,2,3,4,1145.0,0,1,1,0,1,36.0,1,0,0,0,1,1,1,0,0,2017.0,1,0,1,1,3,2,0,1,1,1,1,2
563,2,3,4,1035.0,0,1,1,0,1,9.0,0,0,0,0,1,1,1,0,0,2017.0,0,0,1,0,3,2,0,1,1,2,1,2
564,2,3,4,1120.0,0,1,1,0,1,6.0,0,0,0,0,1,1,1,0,0,2017.0,0,0,1,0,1,0,0,1,1,2,1,2
565,2,3,4,1320.0,0,1,1,0,1,70.0,0,0,0,0,1,1,1,0,0,2017.0,0,1,1,0,1,1,1,1,0,2,1,2
566,2,3,4,1320.0,0,1,1,0,1,38.0,1,0,0,0,1,0,1,0,0,2017.0,0,1,1,0,1,1,0,1,0,2,1,2
567,2,3,4,1320.0,0,1,1,0,1,51.0,0,0,0,0,1,0,1,1,0,2017.0,0,1,1,0,1,1,0,1,0,2,1,2
568,2,3,4,1403.0,0,1,1,0,1,26.0,1,0,0,0,1,0,0,1,0,2017.0,0,1,0,0,1,1,0,1,0,1,1,2
569,2,3,4,1300.0,0,1,1,0,1,35.0,0,0,0,0,1,0,0,1,0,2017.0,0,1,0,0,1,1,0,1,0,3,1,2
570,2,3,4,1600.0,0,1,1,0,1,9.0,1,0,0,0,1,0,0,1,0,2017.0,0,1,0,0,1,1,0,1,0,2,1,2
571,2,3,4,1700.0,0,1,1,0,1,18.0,1,0,0,0,0,0,0,1,0,2017.0,0,1,0,0,1,1,0,1,0,2,1,2
572,2,3,4,1700.0,0,1,1,0,1,18.0,0,0,0,0,0,0,0,1,0,2017.0,0,1,0,0,1,1,0,1,0,2,1,2
573,2,3,4,2145.0,0,1,1,0,1,56.0,1,0,0,0,0,0,0,1,0,2017.0,0,1,0,1,1,1,0,1,0,1,1,2
574,2,3,4,2253.0,0,1,1,0,1,45.0,0,0,0,0,0,0,0,1,0,2017.0,0,1,0,1,3,1,0,1,0,2,1,2
575,2,3,4,2325.0,0,1,1,0,1,19.0,0,0,0,0,0,0,0,1,0,2017.0,0,0,0,1,3,0,0,1,1,2,0,2
576,2,3,4,905.0,0,1,1,0,1,38.0,0,0,0,0,0,0,0,1,0,2017.0,0,0,0,1,3,1,1,1,1,2,0,2
577,2,3,4,905.0,0,1,1,0,1,57.0,1,0,0,0,0,0,0,1,0,2017.0,0,0,0,0,3,1,1,1,1,2,0,2
578,2,3,4,1215.0,0,1,1,0,1,21.0,1,0,0,0,0,0,1,1,0,2017.0,0,0,0,0,3,1,1,1,1,0,0,2
579,2,3,4,1615.0,0,1,1,0,1,19.0,0,0,0,0,0,0,1,1,0,2017.0,0,0,0,0,3,1,1,1,1,2,0,2
580,2,3,4,1615.0,0,1,1,0,1,44.0,0,0,0,0,0,0,1,1,0,2017.0,0,0,0,0,0,1,2,1,1,2,0,2
581,2,3,4,1615.0,0,1,1,0,1,6.0,0,0,1,0,0,0,1,0,0,2017.0,0,0,0,0,0,1,2,1,1,2,0,2
582,2,3,4,1615.0,0,1,1,0,1,9.0,1,0,1,0,0,0,1,0,0,2017.0,0,0,1,0,0,1,2,1,1,2,0,2
583,2,3,4,1615.0,0,1,1,0,1,49.0,1,0,1,0,0,0,1,0,0,2017.0,0,0,1,0,0,1,2,1,1,2,0,2
584,2,3,4,1621.0,0,1,1,0,1,6.0,0,0,1,0,0,0,1,0,0,2017.0,0,0,1,0,0,1,2,1,1,2,0,2
585,2,3,4,1724.0,0,1,1,0,1,57.0,1,0,1,0,0,0,1,0,0,2017.0,0,0,1,0,0,1,2,1,1,0,1,2
586,2,3,4,1255.0,0,1,1,0,1,54.0,1,0,1,0,0,0,1,0,0,2017.0,0,0,1,0,0,0,2,1,1,2,1,2
587,2,3,4,650.0,0,1,1,0,1,32.0,1,0,1,0,0,0,1,0,0,2017.0,1,0,1,1,0,0,2,1,0,2,1,2
588,2,3,4,1100.0,0,1,1,0,1,74.0,1,0,1,0,0,0,1,0,0,2017.0,1,0,1,1,0,0,2,1,0,0,1,2
589,2,3,4,1445.0,0,1,1,0,1,57.0,1,0,1,0,1,0,1,0,0,2017.0,1,0,1,1,0,0,2,1,0,2,1,2
590,2,3,4,1536.0,0,1,1,0,1,70.0,1,0,1,0,1,0,1,0,0,2017.0,1,0,1,1,1,2,1,1,0,2,1,2
591,2,3,4,1550.0,0,1,1,0,1,6.0,1,0,0,0,1,0,1,1,0,2017.0,1,1,1,1,1,2,1,1,0,3,1,2
592,2,3,4,1817.0,0,1,1,0,1,30.0,1,0,0,0,1,0,1,1,0,2017.0,1,1,0,1,1,2,1,1,0,2,1,2
593,2,3,4,851.0,0,1,1,0,1,70.0,0,0,0,0,1,0,1,1,0,2017.0,1,1,0,1,1,2,1,1,0,2,1,2
594,2,3,4,1620.0,0,1,1,0,1,9.0,1,0,0,0,1,0,1,1,0,2017.0,1,1,0,1,1,2,1,1,0,2,1,2
595,2,3,4,1620.0,0,1,1,0,1,70.0,0,0,0,0,1,0,1,1,0,2017.0,1,1,0,0,1,2,1,1,0,2,1,2
596,2,3,4,1700.0,0,1,1,0,1,39.0,1,0,0,0,1,0,1,1,0,2017.0,1,1,0,0,1,2,1,1,0,2,1,2
597,2,7,4,1229.0,0,1,1,0,1,41.0,0,0,0,0,1,0,1,1,0,2017.0,0,1,0,0,1,2,0,1,1,3,1,2
598,2,7,4,1500.0,0,1,1,0,1,7.0,0,0,0,0,1,0,1,1,0,2017.0,0,1,0,0,1,2,0,1,1,2,1,2
599,2,7,4,1536.0,0,1,1,0,1,21.0,0,0,0,0,0,0,1,1,0,2017.0,0,1,1,0,1,2,0,1,1,3,1,2
600,2,7,4,1900.0,0,1,1,0,1,25.0,1,0,0,0,0,0,1,1,0,2017.0,0,1,1,0,1,0,0,1,1,2,1,2
601,2,7,4,1102.0,0,1,1,0,1,15.0,1,0,0,0,0,0,1,1,0,2017.0,0,0,1,0,1,0,0,1,1,2,1,2
602,2,7,4,1830.0,0,1,1,0,1,54.0,1,0,0,0,0,0,1,1,0,2017.0,0,0,1,0,1,1,0,1,1,2,1,2
603,2,7,4,2120.0,0,1,1,0,1,26.0,1,0,0,0,0,0,1,1,0,2017.0,0,0,1,0,1,1,0,1,1,2,0,2
604,2,7,4,2120.0,0,1,1,0,1,60.0,1,0,0,0,0,0,1,1,0,2017.0,0,0,1,0,1,1,0,1,1,2,0,2
605,2,7,4,2342.0,0,1,1,0,1,24.0,1,0,0,0,0,0,1,1,0,2017.0,0,0,1,1,1,1,0,5,1,1,0,2
606,2,7,4,2343.0,0,1,1,0,1,12.0,1,0,0,0,0,0,1,1,0,2017.0,0,0,1,1,1,1,0,1,1,2,0,2
607,2,7,4,1313.0,0,1,1,0,1,49.0,0,0,0,0,0,0,1,1,0,2017.0,0,0,1,3,1,1,1,1,1,2,0,2
608,2,7,4,1600.0,0,1,1,0,1,45.0,0,0,0,0,0,0,1,1,0,2017.0,0,0,1,1,1,1,1,1,1,3,0,2
609,2,7,4,1625.0,0,1,1,0,1,56.0,0,0,0,0,0,0,1,1,0,2017.0,0,0,0,1,1,1,1,1,1,2,0,2
610,2,7,4,2145.0,0,1,1,0,1,26.0,0,0,0,0,0,0,0,1,0,2017.0,0,0,0,2,3,1,2,1,1,2,0,2
611,2,7,4,1454.0,0,1,1,0,1,24.0,1,0,0,0,0,0,0,1,0,2017.0,0,0,0,2,3,1,2,1,1,2,0,2
612,2,7,4,1545.0,0,1,1,0,1,20.0,1,0,0,0,0,0,0,1,0,2017.0,0,1,0,2,3,0,2,1,1,2,0,1
613,2,7,4,1816.0,0,1,1,0,1,47.0,0,0,0,0,0,0,0,1,0,2017.0,0,1,0,2,3,0,2,1,1,3,1,1
614,2,7,4,1945.0,0,1,1,0,1,20.0,1,0,0,0,0,0,0,1,0,2017.0,0,1,0,2,3,1,2,5,1,2,1,1
615,2,7,4,2047.0,0,1,1,0,1,20.0,1,0,0,0,0,0,0,1,0,2017.0,0,1,0,2,3,1,2,1,1,2,1,1
616,2,7,4,2210.0,0,1,1,0,1,36.0,0,0,0,0,0,0,0,1,0,2017.0,0,1,0,2,3,1,2,5,1,2,1,1
617,2,7,4,2312.0,0,1,1,0,1,15.0,0,0,0,0,0,0,0,1,0,2017.0,0,1,0,2,3,1,2,1,1,2,1,1
618,2,7,4,2312.0,0,1,1,0,1,43.0,0,0,0,0,0,0,0,0,0,2017.0,0,1,0,2,3,1,2,1,1,2,1,1
619,2,7,4,1130.0,0,1,1,0,1,26.0,0,0,0,0,0,0,0,0,0,2017.0,0,1,0,2,0,1,2,1,1,2,1,1
620,2,7,4,1300.0,0,1,1,0,1,40.0,0,0,0,0,0,0,1,0,0,2017.0,0,1,1,2,0,1,1,1,1,2,1,1
621,2,7,4,1300.0,0,1,1,0,1,63.0,1,0,0,0,0,0,1,0,0,2017.0,0,1,1,2,0,1,1,1,1,2,1,1
622,2,7,4,1040.0,0,1,1,0,1,81.0,0,0,0,0,0,0,1,0,0,2017.0,1,0,1,2,0,1,0,1,1,2,1,2
623,2,7,4,750.0,0,1,1,0,1,42.0,1,0,0,0,0,0,1,0,0,2017.0,1,0,1,2,0,1,0,1,1,1,1,2
624,2,7,4,1715.0,0,1,1,0,1,49.0,0,0,0,0,0,0,1,0,0,2017.0,1,0,1,2,0,0,0,1,1,2,1,2
625,2,7,4,1015.0,0,1,1,0,1,81.0,0,0,0,0,0,0,1,0,0,2017.0,1,0,1,2,0,0,0,1,1,1,1,2
626,2,7,4,2107.0,0,1,1,0,1,24.0,0,0,0,0,1,0,1,0,0,2017.0,1,0,1,2,0,0,0,1,1,2,1,2
627,2,7,4,2107.0,0,1,1,0,1,33.0,1,0,0,0,1,0,1,0,0,2017.0,1,0,1,2,0,2,0,1,1,2,1,2
628,2,7,4,2119.0,0,1,1,0,1,19.0,1,0,0,0,1,0,1,1,0,2017.0,1,0,1,2,0,2,0,1,0,0,1,2
629,2,7,4,1442.0,0,1,1,0,1,77.0,1,0,0,0,1,0,1,1,0,2017.0,1,0,1,2,1,2,0,1,0,2,0,2
630,2,7,0,1640.0,0,1,1,0,1,64.0,0,0,0,0,1,0,1,1,0,2017.0,1,0,0,1,1,2,0,1,0,2,0,2
631,2,7,0,1640.0,0,1,1,0,1,62.0,0,0,0,0,1,0,1,1,0,2017.0,1,0,0,3,1,2,0,1,0,2,0,2
632,2,7,0,1640.0,0,1,1,0,1,65.0,1,0,0,0,1,0,1,1,0,2017.0,0,0,0,1,1,2,1,1,0,2,0,2
633,2,7,0,2313.0,0,1,1,0,1,37.0,1,0,0,0,1,0,1,1,0,2017.0,0,0,0,1,1,2,1,1,0,2,0,2
634,2,7,0,815.0,0,1,1,0,1,20.0,1,0,0,0,1,0,1,1,0,2017.0,0,0,0,1,1,2,1,1,0,2,0,2
635,2,7,0,1539.0,0,1,1,0,1,18.0,0,0,0,0,1,0,1,1,0,2017.0,0,0,0,1,1,2,2,1,0,1,0,2
636,2,7,0,1550.0,0,1,1,0,1,57.0,0,0,0,0,0,0,1,1,0,2017.0,0,0,0,1,1,2,2,1,0,0,0,2
637,2,7,0,2050.0,0,1,1,0,1,49.0,1,0,1,0,0,0,1,1,0,2017.0,0,0,0,1,1,0,2,1,0,2,0,2
638,2,7,0,2050.0,0,1,1,0,1,25.0,0,0,1,0,0,0,1,1,0,2017.0,0,1,0,1,1,0,2,1,1,2,0,2
639,2,7,0,2050.0,0,1,1,0,1,7.0,0,0,1,0,0,0,1,1,0,2017.0,0,1,0,1,3,1,2,1,1,2,1,2
640,2,7,0,903.0,0,1,1,0,1,26.0,1,0,1,0,0,0,1,1,0,2017.0,0,1,0,1,3,1,2,1,1,1,1,2
641,2,7,0,1150.0,0,1,1,0,1,52.0,1,0,1,0,0,0,1,1,0,2017.0,0,1,0,1,1,1,2,1,1,3,1,2
642,2,7,0,1150.0,0,1,1,0,1,31.0,1,0,1,0,0,0,1,1,0,2017.0,0,1,0,1,1,1,2,1,1,3,1,2
643,2,7,0,1150.0,0,1,1,0,1,37.0,0,0,1,0,0,1,1,1,0,2017.0,0,1,0,1,1,1,2,1,1,2,1,2
644,2,7,0,1920.0,0,1,1,0,1,3.0,0,0,1,0,0,1,1,1,0,2017.0,0,1,0,3,1,1,2,1,1,3,1,2
645,2,7,0,1910.0,0,1,1,0,1,60.0,1,0,1,0,0,1,1,1,0,2017.0,0,1,0,1,1,1,1,1,0,3,1,2
646,2,7,0,1645.0,0,1,1,0,1,28.0,1,0,1,0,0,1,1,1,0,2017.0,0,1,0,1,1,1,1,1,0,0,1,2
647,2,7,0,1711.0,0,1,1,0,1,33.0,1,0,1,0,0,1,0,1,0,2017.0,0,1,0,1,1,1,1,1,0,1,1,2
648,2,7,0,1605.0,0,1,1,0,1,27.0,0,0,1,0,0,1,0,1,0,2017.0,0,0,0,1,1,1,1,1,0,2,1,2
649,2,7,0,1847.0,0,1,1,0,1,24.0,1,0,1,0,0,1,0,1,0,2017.0,0,0,0,1,1,0,1,1,0,3,1,2
650,2,7,0,450.0,0,1,1,0,1,41.0,1,0,1,0,0,1,0,1,0,2017.0,0,0,0,1,1,1,1,1,0,1,1,2
651,2,7,0,1100.0,0,1,1,0,1,62.0,1,0,1,0,0,1,0,1,0,2017.0,0,0,0,1,1,1,1,1,0,0,1,2
652,2,7,0,1100.0,0,1,1,0,1,55.0,0,0,1,0,0,1,0,0,0,2017.0,0,0,0,1,1,1,1,1,0,0,0,2
653,2,7,0,1410.0,0,1,1,0,1,42.0,1,0,1,0,0,0,0,0,0,2017.0,1,0,0,1,1,1,1,1,0,2,0,2
654,2,7,0,705.0,0,1,1,0,1,23.0,1,0,1,0,0,0,0,0,0,2017.0,1,0,1,1,1,1,1,1,0,2,0,2
655,2,7,0,1702.0,0,1,1,0,1,56.0,1,0,1,0,0,0,0,0,0,2017.0,1,0,1,2,1,1,1,1,1,0,0,2
656,2,7,0,1709.0,0,1,1,0,1,34.0,0,0,1,0,0,0,0,0,0,2017.0,1,0,1,2,1,1,1,1,1,2,0,2
657,2,7,0,1709.0,0,1,1,0,1,15.0,0,0,0,0,0,0,1,0,0,2017.0,1,0,1,2,1,1,1,1,1,2,0,2
658,2,7,0,1709.0,0,1,1,0,1,25.0,1,1,0,0,1,0,1,0,0,2017.0,1,0,1,2,1,1,1,1,1,2,0,2
659,2,7,0,1830.0,0,1,1,0,1,37.0,1,1,0,0,1,0,1,0,0,2017.0,1,0,1,2,1,1,1,1,1,0,0,2
660,2,7,0,1830.0,0,1,1,0,1,35.0,0,1,0,0,1,0,1,0,0,2017.0,1,0,1,2,1,0,2,1,1,0,0,2
661,2,7,0,1031.0,0,1,1,0,1,63.0,1,1,0,0,1,0,1,0,0,2017.0,1,0,1,2,0,0,2,1,1,3,0,2
662,2,7,0,1600.0,0,1,1,0,1,24.0,0,1,0,0,1,0,1,1,0,2017.0,1,0,1,2,0,0,2,1,1,2,1,2
663,2,7,0,1645.0,0,1,1,0,1,42.0,1,1,0,0,1,0,1,1,0,2017.0,0,1,1,2,0,0,2,1,1,2,1,2
664,2,7,0,1645.0,0,1,1,0,1,13.0,0,1,1,0,1,0,1,1,0,2017.0,0,1,0,2,0,2,2,1,0,2,1,2
665,2,7,0,1650.0,0,1,1,0,1,20.0,1,1,1,0,1,0,1,1,0,2017.0,0,1,0,1,0,2,2,1,0,2,1,2
666,2,7,0,835.0,0,1,1,0,1,33.0,1,1,1,0,1,0,1,1,0,2017.0,0,1,0,1,0,2,2,1,0,1,0,2
667,2,7,0,741.0,0,1,1,0,1,30.0,0,1,1,0,1,0,1,1,0,2017.0,0,1,0,1,0,2,2,1,0,2,0,2
668,2,7,0,730.0,0,1,1,0,1,13.0,1,1,1,0,0,0,1,1,0,2017.0,0,1,0,1,0,2,2,1,0,1,0,2
669,2,7,0,1550.0,0,1,1,0,1,13.0,1,1,1,0,0,0,1,1,0,2017.0,0,1,0,1,0,2,2,1,0,3,0,1
670,2,7,0,1918.0,0,1,1,0,1,50.0,0,1,1,0,0,0,1,1,0,2017.0,0,1,0,1,0,2,1,1,0,2,0,1
671,2,7,0,816.0,0,1,1,0,1,33.0,1,1,1,0,0,0,1,1,0,2017.0,0,1,0,1,1,2,1,1,0,1,0,1
672,2,7,0,831.0,0,1,1,0,1,51.0,1,1,1,0,0,0,1,1,0,2017.0,0,1,0,1,1,2,1,1,0,2,0,1
673,2,7,0,831.0,0,1,1,0,1,39.0,1,1,1,0,0,0,1,1,0,2017.0,0,0,0,1,1,2,1,1,0,2,0,1
674,2,7,0,1300.0,0,1,1,0,1,75.0,0,1,0,0,0,0,1,1,0,2017.0,0,0,0,1,1,0,1,1,1,3,0,1
675,2,7,0,1641.0,0,1,1,0,1,38.0,1,1,0,0,0,0,1,1,0,2017.0,0,0,0,3,1,0,0,1,1,1,0,1
676,2,7,0,1900.0,0,1,1,0,1,27.0,1,1,0,0,0,0,1,1,0,2017.0,0,0,0,1,1,0,0,1,1,2,1,1
677,2,7,0,1910.0,0,1,1,0,1,41.0,0,1,0,0,0,0,1,1,0,2017.0,0,0,0,1,1,1,0,1,1,3,1,1
678,2,7,0,2230.0,0,1,1,0,1,18.0,1,1,0,0,0,0,1,1,0,2017.0,1,0,0,1,1,1,0,1,1,2,1,1
679,2,7,0,2230.0,0,1,1,0,1,19.0,0,1,0,0,0,0,1,1,0,2017.0,1,0,0,1,1,1,0,1,1,2,1,2
680,2,7,0,2230.0,0,1,1,0,1,18.0,1,1,0,0,0,0,1,1,0,2017.0,1,0,0,1,1,1,0,1,1,2,1,2
681,2,7,0,2230.0,0,1,1,0,1,17.0,0,1,0,0,0,0,1,1,0,2017.0,1,0,0,1,3,1,0,1,1,2,1,2
682,2,7,0,805.0,0,1,1,0,1,34.0,1,1,0,0,0,0,1,1,0,2017.0,1,0,1,1,1,1,0,1,1,3,1,2
683,2,7,0,906.0,0,1,1,0,1,48.0,0,1,0,0,0,0,1,1,0,2017.0,1,0,1,1,1,1,0,1,1,0,1,2
684,2,7,0,1020.0,0,1,1,0,1,56.0,1,1,0,0,0,0,1,1,0,2017.0,1,0,1,1,1,1,0,1,1,1,0,2
685,2,7,0,902.0,0,1,1,0,1,51.0,0,1,0,0,0,0,1,1,0,2017.0,1,0,1,1,1,1,1,1,1,3,0,2
686,2,7,0,1457.0,1,1,1,0,1,57.0,0,1,0,0,0,0,1,0,0,2017.0,1,0,1,1,1,1,1,1,1,2,0,2
687,2,7,0,1624.0,1,1,1,0,1,29.0,1,1,0,0,0,0,1,0,0,2017.0,1,0,1,1,1,0,1,1,1,2,0,2
688,2,7,0,1624.0,1,1,1,0,1,2.0,0,1,0,0,1,0,1,0,0,2017.0,0,0,1,1,1,0,2,1,1,2,0,2
689,2,7,0,1624.0,1,1,1,0,1,1.0,1,1,0,0,1,0,1,0,0,2017.0,0,0,1,3,1,0,2,1,1,2,0,2
690,2,7,0,1624.0,1,1,1,0,1,28.0,1,1,0,0,1,0,1,0,0,2017.0,0,0,1,1,1,0,2,1,0,2,0,2
691,2,7,0,954.0,1,1,1,0,1,62.0,0,1,0,0,1,0,1,0,0,2017.0,0,0,1,1,1,0,2,1,0,2,0,2
692,2,7,0,1652.0,1,1,1,0,1,4.0,1,1,0,0,1,0,1,0,0,2017.0,0,0,0,2,1,0,2,1,0,2,0,2
693,2,7,0,100.0,1,1,1,0,1,18.0,0,1,0,0,1,0,1,0,0,2017.0,0,0,0,2,1,0,2,1,0,2,0,2
694,2,7,0,1500.0,1,1,1,0,1,21.0,0,1,0,0,1,0,1,0,0,2017.0,0,0,0,2,1,0,2,1,0,2,1,2
695,2,7,0,1500.0,1,1,1,0,1,20.0,0,1,0,0,1,0,1,0,0,2017.0,0,0,0,2,1,0,2,1,0,2,1,2
696,2,7,0,1949.0,1,1,1,0,1,17.0,1,1,0,0,1,0,1,1,0,2017.0,0,0,0,2,1,0,2,1,0,0,1,2
697,2,7,0,2142.0,1,1,1,0,1,38.0,0,1,0,0,1,1,1,1,0,2017.0,0,0,0,2,1,0,2,1,0,3,1,2
698,2,7,0,315.0,1,1,1,0,1,21.0,0,0,0,0,0,1,1,1,0,2017.0,0,1,0,2,1,0,1,1,0,2,1,2
699,2,7,0,2000.0,1,1,1,0,1,20.0,0,0,0,0,0,1,1,1,0,2017.0,0,1,0,2,1,0,0,1,0,3,1,2
700,2,7,0,1440.0,1,1,1,0,1,21.0,1,0,0,0,0,1,1,1,0,2017.0,0,1,0,2,1,2,0,1,1,0,1,2
701,2,7,0,2135.0,1,1,1,0,1,31.0,1,0,0,0,0,1,1,1,0,2017.0,0,1,0,2,1,2,0,1,1,2,1,2
702,2,7,0,2200.0,1,1,1,0,1,31.0,1,0,0,0,0,1,1,1,0,2017.0,0,1,0,1,3,2,0,1,1,2,1,2
703,2,7,0,6.0,1,1,1,0,1,21.0,1,0,0,0,0,1,0,1,1,2017.0,1,1,0,1,3,2,0,1,1,2,1,2
704,2,7,0,825.0,1,1,1,0,1,50.0,0,0,0,0,0,1,0,1,1,2017.0,1,1,0,1,3,2,0,1,1,2,1,2
705,2,7,0,830.0,1,1,1,0,1,29.0,1,0,0,0,0,1,0,1,1,2017.0,1,1,0,1,3,2,0,1,1,1,0,2
706,2,7,0,930.0,1,1,1,0,1,55.0,0,0,0,0,0,1,0,1,1,2017.0,1,1,0,1,3,2,0,1,1,2,0,2
707,2,7,0,1530.0,1,1,1,0,1,40.0,1,0,0,0,0,0,0,1,1,2017.0,1,1,1,1,0,2,0,1,1,1,0,2
708,2,7,0,1510.0,1,1,1,0,1,11.0,0,0,0,0,0,0,0,1,1,2017.0,1,0,1,1,0,2,0,1,1,2,0,2
709,2,0,0,1800.0,1,1,1,0,1,19.0,1,0,0,0,0,0,0,1,1,2017.0,1,0,1,1,0,2,1,1,1,0,0,2
710,2,0,0,1620.0,1,1,1,0,1,87.0,0,0,0,0,0,0,0,1,1,2017.0,1,0,1,1,0,0,1,1,1,3,0,2
711,2,0,0,1935.0,1,1,1,0,1,8.0,1,0,0,0,0,0,0,1,1,2017.0,1,0,1,1,0,0,1,1,1,1,0,2
712,2,0,0,134.0,1,1,1,0,1,26.0,1,0,0,0,0,0,0,1,1,2017.0,1,0,1,1,0,0,1,1,1,2,0,2
713,2,0,0,750.0,1,1,1,0,1,25.0,1,0,0,0,0,0,1,1,1,2017.0,0,0,1,1,0,0,1,1,1,2,0,2
714,2,0,0,1125.0,1,1,1,0,1,19.0,1,0,0,0,0,0,1,0,1,2017.0,0,0,1,1,0,0,1,1,0,0,0,2
715,2,0,0,1227.0,1,1,1,0,1,82.0,1,0,0,0,0,0,1,0,1,2017.0,0,0,1,1,0,1,1,1,0,3,1,2
716,2,0,0,1516.0,1,1,1,0,1,63.0,0,0,0,0,0,0,1,0,1,2017.0,0,0,1,1,0,1,1,1,0,2,1,2
717,2,0,0,1531.0,1,1,1,0,1,74.0,0,0,0,0,1,0,1,0,1,2017.0,0,0,0,1,3,1,2,1,0,3,1,2
718,2,0,0,2100.0,1,1,1,0,1,29.0,0,0,0,0,1,0,1,0,1,2017.0,0,0,0,1,1,1,2,1,0,0,1,2
719,2,0,0,753.0,1,1,1,0,1,10.0,1,0,0,0,1,0,1,0,1,2017.0,0,0,0,1,1,1,2,1,0,1,1,2
720,2,0,0,1025.0,1,1,1,0,1,86.0,0,0,0,0,1,0,1,0,1,2017.0,0,0,0,1,1,1,2,1,0,2,1,2
721,2,0,0,1540.0,1,1,1,0,1,26.0,1,0,0,0,1,0,1,0,1,2017.0,0,0,0,1,1,1,2,1,0,2,1,2
722,2,0,0,1650.0,1,1,1,0,1,47.0,1,0,1,0,1,0,1,0,1,2017.0,0,0,0,3,1,1,2,1,0,0,1,2
723,2,0,0,1540.0,1,1,1,0,1,1.0,1,0,1,0,1,0,1,0,1,2017.0,0,0,0,1,1,1,2,1,0,3,1,2
724,2,0,0,1755.0,1,1,1,0,1,1.0,1,0,1,0,1,0,1,1,1,2017.0,0,0,0,1,1,1,2,1,1,2,1,2
725,2,0,0,1745.0,1,1,1,0,1,40.0,1,0,1,0,1,0,1,1,1,2017.0,0,0,0,1,1,0,2,1,1,0,1,2
726,2,0,0,2036.0,1,1,1,0,1,24.0,1,0,1,0,1,0,1,1,1,2017.0,0,0,0,1,1,0,2,1,0,2,1,2
727,2,0,0,816.0,1,1,1,0,1,23.0,0,0,1,0,0,0,1,1,1,2017.0,0,0,0,1,1,0,0,1,0,0,1,2
728,2,0,0,746.0,1,1,1,0,1,29.0,1,0,1,0,0,0,1,1,1,2017.0,0,0,0,1,1,0,0,1,0,1,1,2
729,2,0,0,915.0,1,1,1,0,1,18.0,0,0,1,0,0,0,1,1,1,2017.0,0,1,0,1,1,0,0,1,0,3,1,2
730,2,0,0,915.0,1,1,1,0,1,38.0,0,0,1,0,0,0,1,1,1,2017.0,0,1,0,1,1,0,0,1,0,3,1,2
731,2,0,0,1425.0,1,1,1,0,1,48.0,1,0,1,0,0,0,1,1,1,2017.0,0,1,1,1,1,0,0,1,0,2,1,1
732,2,0,0,1710.0,1,1,1,0,1,23.0,0,0,0,0,0,0,1,1,1,2017.0,0,1,1,2,1,2,0,1,0,2,1,1
733,2,0,0,1832.0,1,1,1,0,1,11.0,1,0,0,0,0,0,1,1,1,2017.0,0,1,1,2,1,2,0,1,0,2,1,1
734,2,0,0,1840.0,1,1,1,0,1,16.0,1,0,0,0,0,0,1,1,1,2017.0,0,1,1,2,1,2,0,1,0,2,1,1
735,2,0,0,1840.0,1,1,1,0,1,47.0,0,0,0,0,0,0,1,1,1,2017.0,1,1,1,2,1,2,0,1,0,2,1,1
736,2,0,0,1915.0,1,1,1,0,1,49.0,0,0,0,0,0,0,1,1,1,2017.0,1,1,1,2,1,2,0,1,1,2,1,1
737,2,0,0,2040.0,1,1,1,0,1,67.0,1,0,0,0,0,0,1,1,1,2017.0,1,1,1,2,1,2,1,1,1,2,1,1
738,2,0,0,1850.0,1,1,1,0,1,48.0,0,0,1,0,0,0,1,1,1,2017.0,1,1,1,2,3,2,0,1,1,3,1,1
739,2,0,0,1351.0,1,1,1,0,1,11.0,1,0,1,0,0,0,1,1,1,2017.0,1,0,1,2,3,2,0,1,1,2,1,1
740,2,0,0,2050.0,1,1,1,0,1,21.0,1,0,1,0,0,0,1,1,1,2017.0,1,0,1,2,0,2,0,1,1,2,1,1
741,2,0,0,610.0,1,1,1,0,1,39.0,0,0,1,0,0,0,0,1,1,2017.0,1,0,0,2,0,2,0,1,1,2,1,2