,State,month,day,time,harmful-event,manner-of-collision,person-type,seating-position,age,age-range,gender,race,injury-severity,air-bag,transported-for-treatment,protection-system,ejection,extrication,dead-on-arrival,year-of-death,alcohol-test,drug-test,road-type,n0-of-lanes,sorrounding-area,road-features,light-condion,weather-conditions,following-traffic-rules,type-of-vehicle,causality-class,Severity Class
1293,0,1,1,1505.0,1,1,1,0,1,18.0,1,1,0,1,0,0,0,1,0,2016.0,0,0,0,2,3,2,2,1,0,0,1,0
1294,0,1,1,1724.0,1,1,1,0,1,7.0,1,1,0,1,0,0,0,1,0,2016.0,0,0,0,2,3,2,2,1,1,0,1,0
1295,0,1,1,1715.0,1,1,1,0,1,23.0,1,1,0,1,0,0,0,1,0,2016.0,0,0,0,1,3,2,2,1,1,1,1,0
1296,0,1,1,1835.0,1,1,1,0,1,8.0,1,1,0,1,0,0,0,1,0,2016.0,0,0,1,1,0,2,2,1,1,2,1,0
1297,0,1,1,1840.0,1,1,1,0,1,39.0,0,1,0,1,0,0,0,1,0,2016.0,0,0,1,1,0,0,2,1,1,1,1,1
1298,0,1,1,1220.0,1,1,1,0,1,24.0,0,1,0,1,0,0,0,1,0,2016.0,0,0,1,1,0,0,2,1,1,2,0,1
1299,0,1,1,1330.0,1,1,1,0,1,38.0,0,1,0,1,0,0,1,1,0,2016.0,0,0,1,1,0,0,2,1,1,2,0,1
1300,0,1,1,1330.0,1,1,1,0,1,6.0,1,1,0,1,0,0,1,1,0,2016.0,0,0,1,1,0,0,2,1,1,2,0,1
1301,0,1,1,1900.0,1,1,1,0,1,55.0,1,1,0,1,1,0,1,1,0,2016.0,1,0,1,1,0,0,1,1,1,0,0,1
1302,0,1,1,1032.0,1,1,1,0,1,35.0,0,1,0,1,1,1,1,1,0,2016.0,1,0,1,1,0,0,1,1,1,2,0,2
1303,0,1,1,1058.0,1,1,1,0,1,47.0,0,1,0,1,1,1,1,1,0,2016.0,1,0,1,1,0,0,1,1,1,2,0,2
1304,0,1,1,1446.0,1,1,1,0,1,34.0,0,1,0,1,1,1,1,1,0,2016.0,1,0,1,1,0,0,1,1,1,2,0,2
1305,0,1,1,1600.0,1,1,1,0,1,44.0,1,1,0,1,1,1,1,1,0,2016.0,1,0,1,1,0,2,1,3,1,0,0,2
1306,0,1,1,1040.0,1,1,1,0,1,83.0,0,1,0,1,1,1,1,1,0,2016.0,1,0,0,1,3,2,1,1,0,2,0,2
1307,0,1,1,1136.0,1,1,1,0,1,57.0,1,1,0,1,1,1,1,1,0,2016.0,1,0,0,1,3,2,1,1,0,0,0,2
1308,0,1,1,1358.0,1,1,1,0,1,12.0,1,1,0,1,1,1,1,1,0,2016.0,1,0,0,1,3,2,1,1,0,3,1,2
1309,0,1,1,2300.0,1,1,1,0,1,22.0,1,1,0,1,1,1,1,1,0,2016.0,1,0,0,1,3,2,1,1,0,2,1,2
1310,0,1,1,1134.0,1,1,1,0,1,68.0,1,1,0,1,1,1,1,1,0,2016.0,1,0,0,1,3,2,1,0,0,2,1,2
1311,0,1,1,1345.0,1,1,1,0,1,36.0,1,1,0,1,0,1,1,1,0,2016.0,0,0,0,1,3,2,1,1,0,2,1,2
1312,0,1,1,1345.0,1,1,1,0,1,13.0,0,1,0,1,0,0,1,1,0,2016.0,0,0,0,2,0,2,1,1,0,2,1,2
1313,0,1,1,1345.0,1,1,1,0,1,12.0,0,0,0,1,0,0,1,1,0,2016.0,0,0,0,2,0,2,1,1,0,2,1,2
1314,0,1,1,1345.0,1,1,1,0,1,12.0,0,0,0,1,0,0,1,1,0,2016.0,0,0,0,2,0,2,1,1,0,2,1,2
1315,0,1,1,1428.0,1,1,1,0,1,30.0,1,0,0,1,0,0,1,1,0,2016.0,0,0,0,2,0,2,1,1,0,2,1,2
1316,0,1,1,1428.0,1,1,1,0,1,40.0,1,0,0,1,0,0,1,1,0,2016.0,0,0,0,2,0,2,1,1,1,2,1,2
1317,0,1,1,1745.0,1,1,1,0,1,25.0,0,0,0,1,0,0,1,1,0,2016.0,0,0,0,2,0,2,1,1,1,2,1,2
1318,0,1,1,1520.0,1,1,1,0,1,43.0,1,0,0,1,0,0,1,1,0,2016.0,0,0,0,2,0,2,1,1,1,0,1,2
1319,0,1,1,1900.0,1,1,1,0,1,37.0,1,0,0,1,0,0,1,1,0,2016.0,0,0,0,2,0,2,1,1,1,2,1,2
1320,0,1,1,2304.0,1,1,1,0,1,19.0,0,0,0,1,0,0,1,1,0,2016.0,0,0,0,2,0,2,2,5,1,2,1,2
1321,0,1,1,1700.0,1,1,1,0,1,18.0,0,0,0,1,0,0,1,1,0,2016.0,0,0,0,2,0,2,2,1,1,2,1,2
1322,0,1,1,1615.0,1,1,1,0,1,30.0,1,0,0,1,0,0,1,1,0,2016.0,0,0,0,1,3,2,2,1,1,2,0,2
1323,0,1,1,1245.0,1,1,1,0,1,71.0,0,0,0,1,0,0,1,1,0,2016.0,0,0,0,1,3,2,2,1,1,2,0,2
1324,0,1,1,1750.0,1,1,1,0,1,5.0,1,0,0,1,1,0,1,1,0,2016.0,0,0,0,1,3,2,2,1,1,2,0,2
1325,0,1,1,905.0,1,1,1,0,1,59.0,1,0,0,1,1,0,1,1,0,2016.0,0,0,0,1,3,0,2,4,0,2,0,2
1326,0,1,1,936.0,1,1,1,0,1,79.0,0,0,0,1,1,0,1,1,0,2016.0,0,0,0,1,3,0,2,1,0,3,0,2
1327,0,1,1,1515.0,1,1,1,0,1,30.0,1,0,0,1,1,0,0,1,0,2016.0,0,0,0,1,3,0,2,1,0,3,0,2
1328,0,1,1,1722.0,1,1,1,0,1,32.0,1,0,0,1,1,0,0,0,0,2016.0,0,0,1,1,3,0,2,1,0,2,0,2
1329,0,1,1,1707.0,1,1,1,0,1,45.0,0,0,0,1,1,0,0,0,0,2016.0,0,0,1,1,3,0,2,1,0,2,0,2
1330,0,1,1,1700.0,1,1,1,0,1,31.0,1,0,0,1,1,0,0,0,0,2016.0,0,0,1,1,0,0,1,1,0,0,0,2
1331,0,1,1,2030.0,1,1,1,0,1,23.0,1,0,0,1,1,0,0,0,0,2016.0,0,0,1,1,0,0,1,1,0,0,0,2
1332,0,1,1,900.0,1,1,1,0,1,57.0,1,0,1,1,1,0,0,0,0,2016.0,0,0,1,1,0,0,1,1,0,1,1,2
1333,0,1,1,1609.0,1,1,1,0,1,23.0,1,0,1,1,1,0,0,0,0,2016.0,0,0,1,1,0,0,1,1,0,2,1,2
1334,0,1,1,1729.0,1,1,1,0,1,26.0,1,0,1,1,0,0,0,0,0,2016.0,0,0,1,1,0,0,1,1,0,0,1,2
1335,0,1,1,1853.0,1,1,1,0,1,77.0,0,0,1,1,0,0,0,0,0,2016.0,0,0,1,1,0,0,1,1,1,2,1,2
1336,0,1,1,1000.0,1,1,1,0,1,39.0,0,0,1,1,0,0,0,0,0,2016.0,0,0,1,1,0,0,1,1,1,2,1,2
1337,0,1,1,930.0,1,1,1,0,1,40.0,1,0,1,1,0,0,1,0,0,2016.0,0,0,1,1,0,2,1,1,1,2,1,2
1338,0,1,1,645.0,1,1,1,0,1,40.0,0,0,1,1,0,0,1,1,0,2016.0,1,0,0,1,0,2,1,1,1,2,1,2
1339,0,1,1,1346.0,1,1,1,1,1,45.0,1,0,1,1,0,0,1,1,0,2016.0,1,0,0,1,0,2,1,1,1,1,1,2
1340,0,1,1,1402.0,1,1,1,1,1,93.0,0,0,1,1,0,0,1,1,0,2016.0,1,0,0,1,3,2,1,1,1,2,1,2
1341,0,1,1,1437.0,1,1,1,1,1,27.0,0,0,1,1,0,0,1,1,0,2016.0,1,0,0,1,3,2,1,1,1,2,1,2
1342,0,1,1,1437.0,1,1,1,1,1,6.0,0,0,1,1,0,0,1,1,0,2016.0,1,0,0,1,3,2,1,1,1,2,1,2
1343,0,1,1,1639.0,1,1,1,1,1,11.0,1,0,1,1,1,0,1,1,0,2016.0,1,0,0,2,3,2,1,1,1,1,1,2
1344,0,1,1,2257.0,1,1,1,1,1,21.0,1,0,1,1,1,0,1,1,0,2016.0,1,0,0,2,3,2,1,1,0,3,0,2
1345,0,1,1,615.0,1,1,1,1,1,46.0,1,0,1,1,1,0,1,1,0,2016.0,1,0,0,2,3,2,1,1,0,0,0,2
1346,0,1,1,2145.0,1,1,1,1,1,62.0,1,0,1,1,1,0,1,1,0,2016.0,1,0,0,2,3,2,1,1,0,2,0,2
1347,0,1,1,801.0,1,1,1,1,1,48.0,1,0,1,1,1,0,1,1,0,2016.0,1,0,0,2,3,0,1,1,0,2,0,2
1348,0,1,1,1556.0,1,1,1,1,1,16.0,0,0,1,1,1,0,1,1,0,2016.0,0,0,0,2,3,0,1,1,0,2,0,2
1349,0,1,1,1556.0,1,1,1,1,1,35.0,0,0,1,1,1,0,1,1,0,2016.0,0,0,0,2,3,0,1,1,0,2,0,2
1350,0,1,1,1556.0,1,1,1,1,1,13.0,1,0,1,1,1,0,1,1,0,2016.0,0,0,0,2,0,0,1,1,0,2,0,2
1351,0,1,1,1835.0,1,1,1,1,1,37.0,1,0,1,1,1,0,1,1,0,2016.0,0,0,0,2,0,0,2,1,0,2,0,2
1352,0,1,1,1835.0,1,1,1,1,1,64.0,1,0,1,1,1,0,1,1,0,2016.0,0,0,0,2,0,0,2,1,0,2,0,2
1353,0,1,1,1835.0,1,1,1,1,1,60.0,0,0,1,1,0,0,1,1,0,2017.0,0,0,0,1,0,0,2,1,0,2,0,2
1354,0,1,1,2118.0,1,1,1,1,1,38.0,1,0,1,1,0,0,1,1,0,2017.0,0,0,1,1,0,0,2,1,1,2,1,2
1355,0,1,1,932.0,1,1,1,1,1,34.0,1,0,1,1,0,0,1,1,0,2017.0,0,0,1,1,0,0,2,1,1,2,1,2
1356,0,1,1,932.0,1,1,1,1,1,53.0,1,0,1,1,0,0,1,1,0,2017.0,0,0,1,1,0,0,2,1,1,2,1,2
1357,0,1,1,1020.0,1,1,1,1,1,56.0,0,0,1,1,0,0,1,1,0,2017.0,0,0,1,1,0,0,2,1,1,2,1,2
1358,0,1,1,1020.0,1,1,1,1,1,60.0,1,0,1,1,0,0,1,1,0,2017.0,0,0,1,1,0,2,2,1,1,2,1,2
1359,0,1,1,1230.0,1,1,1,1,1,70.0,0,0,1,1,0,0,1,1,0,2017.0,0,0,1,1,0,2,2,1,1,3,1,2
1360,0,1,0,1938.0,1,1,0,1,1,19.0,1,0,1,1,0,0,1,1,0,2017.0,0,0,1,1,3,2,2,1,1,0,1,2
1361,0,1,0,1610.0,1,1,0,1,1,57.0,1,0,1,1,0,0,1,1,0,2017.0,0,0,1,1,3,2,1,1,1,2,1,2
1362,0,1,0,1610.0,1,1,0,1,1,51.0,0,0,1,1,0,0,1,1,0,2017.0,0,0,1,1,3,2,1,1,1,2,1,2
1363,0,1,0,1110.0,1,1,0,1,1,60.0,0,0,1,1,0,0,1,1,0,2017.0,0,0,1,1,0,2,1,1,1,2,1,2
1364,0,1,0,1224.0,1,1,0,1,1,21.0,1,0,1,1,0,0,1,1,0,2017.0,0,0,1,1,0,2,1,1,1,1,1,2
1365,0,1,0,1259.0,1,1,0,1,1,34.0,1,0,1,1,0,0,1,1,0,2017.0,0,0,1,1,0,2,1,1,0,2,1,2
1366,0,1,0,1435.0,1,1,0,1,1,40.0,1,0,1,1,0,0,1,1,0,2017.0,0,0,1,1,0,2,1,1,0,2,0,2
1367,0,1,0,1808.0,1,1,0,1,1,40.0,1,0,1,1,1,0,1,1,0,2017.0,0,0,1,1,0,2,1,1,0,2,0,2
1368,0,1,0,1808.0,1,1,0,1,1,34.0,0,0,1,1,1,0,1,1,0,2017.0,0,0,1,1,0,0,1,1,0,2,0,2
1369,0,1,0,1727.0,1,1,0,1,1,20.0,0,0,1,1,1,0,1,1,0,2017.0,0,0,1,1,0,0,1,1,0,2,0,2
1370,0,1,0,1820.0,1,1,0,1,1,32.0,1,0,1,1,1,0,1,1,0,2017.0,0,0,1,1,0,0,1,1,0,0,0,2
1371,0,1,0,1220.0,1,1,0,1,1,10.0,0,0,1,1,1,0,1,1,0,2017.0,0,0,1,1,0,0,1,1,0,2,0,2
1372,0,1,0,1630.0,1,1,0,1,1,22.0,1,0,1,1,1,0,1,1,0,2017.0,1,0,1,1,0,0,1,1,0,2,0,2
1373,0,1,0,1940.0,1,1,0,1,1,46.0,1,0,1,1,1,0,1,1,0,2017.0,1,0,1,2,3,0,1,1,0,0,0,2
1374,0,1,0,2000.0,1,1,0,1,1,26.0,0,0,1,1,1,0,1,1,0,2017.0,1,0,0,2,3,0,1,1,0,2,0,2
1375,0,1,0,840.0,1,1,0,1,1,41.0,1,0,1,1,1,0,1,1,0,2017.0,1,0,0,2,3,0,1,1,1,2,0,2
1376,0,1,0,840.0,1,1,0,1,1,14.0,0,0,1,1,1,0,1,1,0,2017.0,1,0,0,2,3,0,1,1,1,2,1,2
1377,0,1,0,840.0,1,1,0,1,1,11.0,0,0,1,1,0,0,1,1,0,2017.0,1,0,0,2,3,0,1,1,1,2,1,2
1378,0,1,0,1525.0,1,1,0,1,1,14.0,1,0,1,1,0,0,1,0,0,2017.0,1,0,0,2,3,0,1,1,1,2,1,2
1379,0,1,0,1800.0,1,1,0,1,1,16.0,1,0,1,1,0,0,1,0,0,2017.0,1,0,0,2,3,0,1,1,1,2,1,2
1380,0,1,0,1800.0,1,1,0,1,1,12.0,0,0,1,1,0,0,1,0,0,2017.0,1,0,0,2,3,0,1,1,1,2,1,2
1381,0,1,0,1800.0,1,1,0,1,1,35.0,0,0,1,1,0,0,0,0,0,2017.0,1,0,0,2,3,0,2,1,1,2,1,2
1382,0,1,0,1800.0,1,1,0,1,1,45.0,0,0,1,1,0,0,0,0,0,2017.0,0,0,0,2,3,0,2,1,1,2,1,2
1383,0,1,0,1800.0,1,1,0,1,1,55.0,0,0,1,1,1,0,0,0,0,2017.0,0,0,0,1,0,2,2,1,1,2,1,2
1384,0,1,0,2256.0,1,1,0,1,1,27.0,1,0,1,1,1,0,0,0,0,2017.0,0,1,0,1,0,2,2,1,1,2,1,2
1385,0,1,0,2256.0,1,1,0,1,1,15.0,1,0,1,1,1,0,0,0,0,2017.0,0,1,0,1,0,2,2,1,1,2,1,2
1386,0,1,0,647.0,1,1,0,1,1,39.0,1,0,1,1,1,0,0,0,0,2017.0,0,1,0,1,0,2,2,1,1,1,1,2
1387,0,1,0,1600.0,1,1,0,1,1,21.0,0,0,1,1,1,0,0,0,0,2017.0,0,1,0,1,0,2,2,1,0,2,1,2
1388,0,1,0,1600.0,1,1,0,1,1,2.0,0,0,1,1,1,0,0,1,0,2017.0,0,1,0,1,0,2,2,1,0,2,0,2
1389,0,1,0,1000.0,1,1,0,1,1,36.0,1,0,1,1,1,0,0,1,0,2017.0,0,1,0,1,0,2,2,1,0,2,0,2
1390,0,1,0,1630.0,1,1,0,1,1,7.0,1,0,1,1,1,0,0,1,0,2017.0,0,1,0,1,0,2,2,1,0,1,0,2
1391,0,1,0,810.0,1,1,0,1,1,32.0,0,0,1,1,1,0,1,1,0,2017.0,0,1,1,1,0,2,1,5,0,1,0,2
1392,0,1,0,1553.0,1,1,0,1,1,27.0,1,0,1,1,1,0,1,1,0,2017.0,0,1,1,1,0,2,1,1,0,2,0,2
1393,0,1,0,2000.0,1,1,0,1,1,22.0,1,1,1,1,0,0,1,1,0,2017.0,0,1,1,1,3,2,1,1,0,1,0,2
1394,0,1,0,2130.0,1,1,0,1,1,31.0,1,0,1,1,0,0,1,1,0,2017.0,0,0,1,2,3,2,1,1,0,2,0,2
1395,0,1,0,825.0,1,1,0,1,1,26.0,1,0,1,1,0,0,1,1,0,2017.0,0,0,1,2,3,2,1,5,0,2,0,2
1396,0,1,0,1245.0,1,1,0,1,1,26.0,1,0,1,1,0,0,1,1,0,2017.0,0,0,1,2,3,2,1,1,0,2,0,2
1397,0,1,0,750.0,1,1,0,1,1,53.0,0,0,1,1,0,0,1,1,0,2017.0,0,0,1,2,3,2,1,1,1,1,0,2
1398,0,1,0,1152.0,1,1,0,1,1,51.0,0,0,1,1,0,0,1,1,0,2017.0,0,0,1,2,3,2,1,1,1,2,1,2
1399,0,1,0,1313.0,1,1,0,1,1,23.0,1,0,1,1,0,0,1,1,0,2017.0,0,0,1,2,3,2,1,1,1,0,1,2
1400,0,1,0,1414.0,1,1,0,1,1,21.0,1,0,1,1,0,0,1,1,0,2017.0,0,0,1,2,3,2,1,1,1,0,1,2
1401,0,1,0,1440.0,1,1,0,1,1,20.0,1,0,1,1,0,0,1,1,0,2017.0,0,0,1,2,3,2,1,1,1,0,1,2
1402,0,1,0,1636.0,1,1,0,1,1,10.0,0,0,0,1,0,0,1,1,0,2017.0,0,0,1,2,3,2,1,1,1,2,1,2
1403,0,1,0,1636.0,1,1,0,1,1,7.0,0,0,0,1,0,0,1,1,0,2017.0,0,0,1,2,3,0,1,1,1,2,0,2
1404,0,1,0,1717.0,1,1,0,1,1,29.0,0,0,0,1,0,0,1,1,0,2017.0,0,0,1,1,0,0,1,1,1,2,0,2
1405,0,1,0,2000.0,1,1,0,1,1,20.0,0,0,0,1,0,0,1,1,0,2017.0,0,0,1,1,0,0,2,1,1,2,0,2
1406,0,1,0,2338.0,1,1,0,1,1,25.0,0,0,0,1,0,0,1,1,0,2017.0,0,0,1,1,0,0,2,1,1,2,0,2
1407,0,1,0,2338.0,1,1,0,1,1,33.0,1,0,0,1,0,0,1,1,0,2017.0,0,0,1,1,0,2,2,1,0,3,0,2
1408,0,1,0,627.0,1,1,0,1,1,19.0,1,0,0,1,0,1,1,1,0,2017.0,0,0,1,1,0,2,2,1,0,2,0,2
1409,0,1,0,1043.0,1,1,0,1,1,21.0,1,0,0,1,0,1,1,1,0,2017.0,0,0,1,1,0,2,2,1,0,2,0,0
1410,0,1,1,1043.0,1,1,0,1,1,44.0,1,0,0,1,0,1,1,1,0,2017.0,0,0,1,1,0,2,2,1,0,2,0,0
1411,0,1,1,1043.0,1,1,0,1,1,10.0,0,0,0,1,0,1,1,1,0,2017.0,0,0,0,1,0,2,2,1,0,2,0,0
1412,0,1,1,1255.0,1,1,0,1,1,64.0,0,0,0,1,0,1,1,1,0,2017.0,0,0,0,1,0,2,2,5,0,2,0,0
1413,0,1,1,1456.0,1,1,0,1,1,39.0,1,0,0,1,0,1,1,1,0,2017.0,0,0,0,2,0,2,2,1,0,2,1,0
1414,0,1,1,1456.0,1,1,0,1,1,29.0,1,0,0,1,1,1,1,1,0,2017.0,0,0,0,2,3,2,2,1,0,2,1,0
1415,0,1,1,1600.0,1,1,0,1,1,52.0,1,0,0,1,1,1,1,1,0,2017.0,1,0,0,2,3,2,2,5,0,0,1,0
1416,0,1,1,1747.0,1,1,0,1,1,48.0,1,0,0,1,1,1,1,1,0,2017.0,1,0,0,2,3,2,2,1,0,1,1,0
1417,0,1,1,1915.0,1,1,0,1,1,52.0,0,0,0,1,1,1,1,1,0,2017.0,1,0,0,2,3,0,2,1,1,2,1,0
1418,0,1,1,440.0,1,1,0,1,1,50.0,1,0,0,1,1,0,1,1,0,2017.0,1,0,0,2,3,0,2,1,1,2,1,0
1419,0,1,1,440.0,1,1,0,1,1,22.0,1,0,0,1,1,0,1,1,0,2017.0,1,0,0,2,0,0,2,1,1,2,1,2
1420,0,1,1,440.0,1,1,0,1,1,24.0,1,0,0,1,1,0,1,1,0,2017.0,1,0,0,2,0,0,2,1,1,2,1,2
1421,0,1,1,1338.0,1,1,0,1,1,37.0,0,0,0,1,1,0,1,1,0,2017.0,1,0,1,2,0,0,2,1,1,2,1,2
1422,0,1,1,1900.0,1,1,0,1,1,54.0,0,0,0,1,1,0,1,1,0,2017.0,1,0,1,2,0,0,2,1,1,2,0,2
1423,0,1,1,511.0,1,1,0,1,1,42.0,1,0,0,1,1,0,1,1,0,2017.0,1,0,1,1,0,0,2,5,1,2,0,2
1424,0,1,1,1525.0,1,1,0,1,1,62.0,1,0,0,1,0,0,0,1,0,2017.0,1,0,1,1,0,0,2,1,1,2,0,2
1425,0,1,1,1525.0,1,1,0,1,1,37.0,1,0,0,1,0,0,0,1,0,2017.0,0,0,1,1,0,0,2,1,1,3,0,2
1426,0,1,1,1015.0,1,1,0,1,1,70.0,0,0,0,1,0,0,0,1,0,2017.0,0,0,1,1,0,2,2,1,1,3,0,2
1427,0,1,1,1430.0,1,1,1,1,1,29.0,1,0,0,1,0,0,0,1,0,2017.0,0,0,1,1,0,2,2,1,1,1,0,2
1428,0,1,1,1715.0,1,1,1,1,1,37.0,1,0,0,1,0,0,0,1,0,2017.0,0,0,1,1,0,2,2,1,1,1,0,2
1429,0,1,1,1815.0,1,1,1,1,1,58.0,1,0,0,1,0,0,0,1,0,2017.0,0,0,1,1,3,2,2,1,1,1,0,2
1430,0,1,1,815.0,1,1,1,1,1,17.0,1,0,0,1,0,0,0,1,0,2017.0,0,0,1,1,3,2,2,1,1,1,0,2
1431,0,1,1,1000.0,1,1,1,1,1,78.0,0,0,0,1,0,0,0,1,0,2017.0,0,0,1,1,3,2,2,1,1,2,0,2
1432,0,1,1,1115.0,1,1,1,1,1,82.0,0,0,0,1,0,0,0,1,0,2017.0,0,0,1,2,3,2,2,1,1,3,1,2
1433,0,1,1,1346.0,1,1,1,1,1,36.0,1,0,0,1,0,0,0,1,0,2017.0,0,0,1,2,3,2,2,1,1,0,1,2
1434,0,1,1,1530.0,1,1,1,1,1,14.0,1,0,0,1,0,0,1,1,0,2017.0,0,0,1,2,3,2,2,1,1,1,1,2
1435,0,1,1,1745.0,1,1,1,1,1,25.0,0,0,0,1,0,0,1,1,0,2017.0,0,0,1,2,3,2,1,5,1,2,1,2
1436,0,1,1,1815.0,1,1,1,1,1,38.0,1,0,0,1,0,0,1,1,0,2017.0,0,0,1,2,3,0,1,1,1,1,1,2
1437,0,1,1,1730.0,1,1,1,1,1,55.0,0,0,0,1,1,0,1,1,0,2017.0,0,0,1,2,3,0,1,1,1,3,1,2
1438,0,1,1,745.0,1,1,1,1,1,43.0,0,0,0,1,1,0,1,1,0,2017.0,0,0,1,2,3,2,1,1,0,1,1,2
1439,0,1,1,1500.0,1,1,1,0,1,13.0,1,0,0,1,1,0,1,1,0,2017.0,0,0,1,2,3,2,1,1,0,1,0,2
1440,0,1,1,1545.0,1,1,1,0,1,39.0,1,0,0,1,1,0,1,1,0,2017.0,0,0,1,2,3,2,1,1,0,1,0,2
1441,0,1,1,1015.0,1,1,1,0,1,27.0,0,0,0,1,1,0,1,1,0,2017.0,0,0,0,2,0,2,1,1,0,2,0,2
1442,0,1,1,1015.0,1,1,1,0,1,21.0,0,0,0,1,1,0,1,1,0,2017.0,0,0,0,1,0,2,1,1,0,2,0,2
1443,0,1,1,1400.0,1,1,1,0,1,74.0,1,0,0,1,1,0,1,1,0,2017.0,0,0,0,1,0,2,1,1,0,2,0,2
1444,0,1,1,600.0,1,1,1,0,1,36.0,1,0,0,1,1,0,1,1,0,2017.0,0,0,0,1,0,2,1,1,0,0,0,2
1445,0,1,1,600.0,1,1,1,0,1,32.0,1,0,0,1,1,0,1,1,0,2017.0,0,0,0,1,0,2,1,1,0,2,0,2
1446,0,11,1,1733.0,1,1,1,0,1,27.0,1,0,0,1,1,0,1,1,0,2017.0,0,0,0,1,0,2,1,1,0,2,0,2
1447,0,11,1,1107.0,1,1,1,0,1,37.0,0,0,0,1,0,0,1,1,0,2017.0,0,0,0,1,0,2,1,1,0,2,0,2
1448,0,11,1,1107.0,1,1,1,0,1,50.0,0,0,0,1,0,0,1,1,0,2017.0,1,0,0,1,0,0,1,1,1,2,0,2
1449,0,11,1,1323.0,1,1,1,0,1,22.0,1,0,0,1,0,0,1,1,0,2017.0,1,0,0,1,0,0,1,1,1,0,1,2
1450,0,11,1,1323.0,1,1,1,0,1,30.0,0,0,0,1,0,0,1,1,0,2017.0,1,0,0,1,0,0,1,1,1,0,1,2
1451,0,11,1,1545.0,1,1,1,0,1,78.0,1,0,1,1,0,0,1,0,0,2017.0,1,0,0,1,3,0,1,1,1,0,1,2
1452,0,11,1,1630.0,1,1,1,0,1,45.0,0,0,1,1,0,0,1,0,0,2017.0,1,0,0,1,3,0,2,1,1,2,1,2
1453,0,11,1,1828.0,1,1,1,0,1,37.0,1,0,1,1,0,0,1,0,0,2017.0,1,0,0,1,3,0,2,1,1,2,1,2
1454,0,11,1,1825.0,1,1,1,0,1,69.0,1,0,1,1,1,0,1,0,0,2017.0,1,0,0,1,3,0,2,1,1,1,1,2
1455,0,11,1,1158.0,1,1,1,0,1,17.0,1,0,1,1,1,0,1,0,0,2017.0,1,0,0,1,3,0,2,1,1,2,1,2
1456,0,11,1,1235.0,1,1,1,0,1,25.0,0,0,1,1,1,0,1,0,0,2017.0,1,0,0,2,3,0,2,1,1,2,1,2
1457,0,11,1,2045.0,1,1,1,0,1,32.0,1,0,1,1,1,1,1,0,0,2017.0,1,0,0,2,3,0,2,1,1,2,1,2
1458,0,11,1,825.0,1,1,1,0,1,54.0,1,0,1,1,1,1,1,0,0,2017.0,0,0,0,2,3,0,2,5,1,2,1,2
1459,0,11,1,1850.0,1,1,1,0,1,86.0,0,0,1,1,1,1,1,0,0,2017.0,0,0,1,2,3,0,2,1,1,0,0,2
1460,0,11,1,1220.0,1,1,1,0,1,53.0,0,0,1,1,1,1,1,0,0,2017.0,0,0,1,2,0,0,2,1,0,3,0,2
1461,0,11,1,2020.0,1,1,1,0,1,23.0,1,0,1,1,1,1,1,1,0,2017.0,0,0,1,2,0,0,2,1,0,0,0,2
1462,0,11,1,5.0,1,1,1,0,1,20.0,1,0,1,1,1,1,1,1,0,2017.0,0,0,1,2,0,0,1,1,0,2,0,2
1463,0,11,1,1255.0,1,1,1,0,1,39.0,0,0,1,1,1,1,1,1,0,2017.0,0,0,1,2,0,0,1,1,0,3,0,2
1464,0,11,1,1628.0,1,1,1,0,1,37.0,1,0,1,1,0,1,1,1,0,2017.0,0,0,1,2,0,0,1,1,0,2,0,2
1465,0,11,1,1600.0,1,1,1,0,1,20.0,0,0,1,1,0,1,1,1,0,2017.0,0,0,1,2,0,2,1,1,0,0,0,2
1466,0,11,1,1802.0,1,1,1,0,1,62.0,0,0,1,1,0,1,1,1,0,2017.0,0,0,1,1,0,2,1,5,0,1,0,2
1467,0,11,1,1909.0,1,1,1,0,1,16.0,1,0,1,1,0,0,1,1,0,2017.0,0,0,1,1,0,2,2,1,0,2,0,2
1468,0,11,1,2025.0,1,1,1,0,1,27.0,1,0,1,1,0,0,0,1,0,2017.0,0,0,1,1,0,2,2,1,0,2,0,2
1469,0,11,1,2035.0,1,1,1,0,1,33.0,0,0,1,1,0,0,0,1,0,2017.0,0,0,0,1,0,2,2,1,0,2,1,2
1470,0,11,1,1255.0,1,1,1,0,1,23.0,1,0,1,1,0,0,0,1,0,2017.0,0,0,0,1,0,2,2,1,1,1,1,2
1471,0,11,1,120.0,1,1,1,0,1,23.0,1,0,0,1,0,0,0,1,0,2017.0,0,0,0,1,0,2,2,1,1,2,1,2
1472,0,11,1,849.0,1,1,1,0,1,55.0,0,0,0,1,0,0,0,1,0,2017.0,0,0,0,1,0,2,2,1,1,2,1,2
1473,0,11,1,849.0,1,1,1,0,1,33.0,0,0,0,1,0,0,0,1,0,2017.0,0,0,0,1,0,2,2,1,1,2,1,2
1474,0,11,1,849.0,1,1,1,0,1,32.0,0,0,0,1,0,0,0,1,0,2017.0,0,0,0,1,0,2,2,1,1,2,1,2