,State,month,day,time,harmful-event,manner-of-collision,person-type,seating-position,age,age-range,gender,race,injury-severity,air-bag,transported-for-treatment,protection-system,ejection,extrication,dead-on-arrival,year-of-death,alcohol-test,drug-test,road-type,n0-of-lanes,sorrounding-area,road-features,light-condion,weather-conditions,following-traffic-rules,type-of-vehicle,causality-class,Severity Class
1656,3,10,2,1635.0,1,1,1,0,1,30.0,0,0,0,0,0,0,0,1,0,2016.0,0,0,0,1,3,0,2,1,1,2,0,2
1657,3,10,2,1635.0,1,1,1,0,1,26.0,0,0,1,0,0,0,0,1,0,2016.0,0,0,0,1,3,0,2,1,1,2,1,2
1658,3,10,2,1820.0,1,1,1,0,1,17.0,0,0,1,0,0,0,0,1,0,2016.0,0,0,0,1,0,0,2,1,1,2,1,2
1659,3,10,2,2340.0,1,1,1,0,1,21.0,0,0,1,0,1,0,1,1,0,2016.0,0,0,0,2,0,0,2,1,1,2,1,2
1660,3,10,2,1254.0,1,1,1,0,1,28.0,1,0,1,0,1,0,1,1,0,2016.0,0,0,0,2,0,0,2,1,1,2,1,2
1661,3,10,2,1325.0,1,1,1,0,1,4.0,1,0,1,0,1,0,1,1,0,2016.0,0,0,0,2,0,0,2,1,1,2,1,2
1662,3,10,2,1720.0,1,1,1,0,1,58.0,1,0,1,0,1,0,1,1,0,2016.0,0,0,0,2,0,0,2,1,1,2,1,2
1663,3,10,2,1720.0,1,1,1,0,1,4.0,0,0,1,0,1,0,1,1,0,2016.0,0,0,1,2,0,0,2,1,1,2,1,2
1664,3,10,2,1720.0,1,1,1,0,1,29.0,1,0,1,0,1,0,1,1,0,2016.0,0,0,0,2,0,0,2,1,1,2,1,2
1665,3,10,2,1730.0,1,1,1,0,1,47.0,0,0,1,0,1,0,1,1,0,2016.0,0,0,0,2,0,0,2,1,1,2,1,2
1666,3,10,2,1804.0,1,1,1,0,1,34.0,1,0,1,0,1,0,1,1,0,2016.0,0,0,0,2,0,0,1,1,1,1,1,2
1667,3,10,2,2019.0,1,1,1,0,1,60.0,0,0,0,0,1,0,1,1,0,2016.0,0,0,0,2,0,0,1,1,1,2,1,2
1668,3,10,2,2019.0,1,1,1,0,1,32.0,1,0,0,0,1,0,1,1,0,2016.0,0,0,0,2,3,2,1,1,1,2,1,2
1669,3,10,2,710.0,1,1,1,0,1,27.0,0,0,0,0,0,0,1,1,0,2016.0,0,0,0,1,3,2,1,1,1,2,1,2
1670,3,10,2,935.0,1,1,1,0,1,48.0,1,0,0,0,0,0,1,1,0,2016.0,0,0,0,1,3,2,1,1,1,1,1,2
1671,3,10,2,1720.0,1,1,1,0,1,19.0,0,0,0,0,0,0,1,1,0,2016.0,0,0,0,1,3,2,1,1,1,3,0,2
1672,3,10,2,1632.0,1,1,1,0,1,57.0,0,0,0,0,0,0,1,1,0,2016.0,0,0,0,1,3,2,1,0,1,2,0,2
1673,3,10,2,1632.0,1,1,1,0,1,26.0,1,0,0,0,0,0,1,1,0,2016.0,0,0,0,1,3,2,1,0,1,2,0,2
1674,3,10,2,1835.0,1,1,1,0,1,3.0,1,0,0,0,0,0,1,1,0,2016.0,0,0,0,1,3,2,1,0,1,1,0,2
1675,3,10,2,1700.0,1,1,1,0,1,29.0,0,0,0,0,0,0,1,1,0,2016.0,0,0,0,1,0,2,1,1,1,0,0,2
1676,3,10,2,1936.0,1,1,1,0,1,19.0,0,0,0,0,0,0,1,1,0,2016.0,0,0,0,1,0,2,2,1,1,2,0,2
1677,3,10,2,2000.0,1,1,1,0,1,48.0,1,0,0,0,0,0,1,1,0,2016.0,0,0,0,1,0,2,2,0,1,1,0,2
1678,3,10,2,2240.0,1,1,1,0,1,30.0,1,0,0,0,0,0,1,1,0,2016.0,0,0,0,1,0,0,2,1,1,2,0,2
1679,3,10,2,332.0,1,1,1,0,1,18.0,1,0,0,0,0,0,1,1,0,2016.0,0,0,0,2,0,0,2,0,1,2,0,2
1680,3,10,2,1310.0,1,1,1,0,1,31.0,1,0,0,0,0,0,1,1,0,2016.0,0,0,0,2,0,1,2,1,1,1,0,2
1681,3,10,2,810.0,1,1,1,0,1,45.0,0,1,0,0,1,0,1,1,0,2016.0,0,0,0,2,0,0,2,1,1,2,1,2
1682,3,10,2,1600.0,1,1,1,0,1,26.0,1,0,0,0,1,0,1,1,0,2016.0,0,0,0,2,0,0,2,1,1,0,1,2
1683,3,10,2,1800.0,1,1,1,0,1,55.0,1,0,0,0,1,0,1,1,0,2016.0,0,0,1,2,0,0,2,1,0,2,1,2
1684,3,10,2,1800.0,1,1,1,0,1,44.0,1,0,1,0,1,0,1,1,0,2016.0,0,0,0,2,0,0,2,1,0,2,1,2
1685,3,10,2,720.0,1,1,1,0,1,38.0,1,0,1,0,1,0,1,1,0,2016.0,0,0,0,2,3,1,2,1,0,1,1,2
1686,3,10,2,750.0,1,1,1,0,1,54.0,1,0,1,0,1,0,1,1,0,2016.0,0,0,0,2,3,0,1,1,0,2,1,2
1687,3,10,2,1255.0,1,1,1,0,1,24.0,1,0,1,0,1,0,1,1,0,2016.0,0,0,0,2,0,0,1,1,0,2,1,2
1688,3,10,2,1438.0,1,1,1,0,1,12.0,1,0,1,0,1,0,1,1,0,2016.0,0,0,0,2,0,0,1,1,0,3,1,2
1689,3,10,2,1440.0,1,1,1,0,1,14.0,0,0,1,0,1,0,1,1,0,2016.0,0,0,0,1,0,1,1,1,0,3,1,2
1690,3,10,2,728.0,1,1,1,0,1,30.0,0,0,1,0,1,0,1,1,0,2016.0,0,0,0,1,0,1,1,1,0,2,1,2
1691,3,10,2,728.0,1,1,1,0,1,42.0,0,0,1,0,0,0,1,1,0,2016.0,0,0,0,1,0,1,1,1,0,2,1,2
1692,3,10,2,643.0,1,1,1,0,1,50.0,1,0,1,0,0,0,1,1,0,2016.0,0,0,0,1,0,1,1,1,0,1,0,2
1693,3,10,2,800.0,1,1,1,0,1,26.0,1,0,1,0,0,0,1,1,0,2016.0,0,0,0,1,0,1,1,2,1,0,0,2
1694,3,10,2,1035.0,1,1,1,0,1,74.0,1,0,1,0,0,0,1,1,0,2016.0,0,0,0,1,0,1,1,1,1,2,0,2
1695,3,10,2,1035.0,1,1,1,0,1,50.0,0,0,1,0,0,0,1,1,0,2016.0,0,0,0,1,0,1,1,1,1,2,0,2
1696,3,10,2,1035.0,1,1,1,0,1,73.0,0,0,1,0,0,0,1,1,0,2016.0,0,0,0,1,0,1,1,1,1,2,0,2
1697,3,10,2,1126.0,1,1,1,0,1,24.0,1,0,1,0,0,0,1,1,0,2016.0,0,0,0,1,3,1,1,1,1,1,0,2
1698,3,10,2,1258.0,1,1,1,0,1,24.0,1,0,1,0,0,0,1,1,0,2016.0,0,0,0,1,3,1,1,1,1,2,0,2
1699,3,10,2,1304.0,1,1,1,0,1,28.0,0,0,1,0,0,0,0,1,0,2016.0,0,0,0,1,3,0,1,1,1,2,0,2
1700,3,10,2,1304.0,1,1,1,0,1,50.0,1,0,1,0,0,0,0,1,0,2016.0,0,0,0,1,3,0,1,1,1,2,0,2
1701,3,10,2,1821.0,1,1,1,0,1,80.0,1,0,1,0,0,0,0,1,0,2016.0,0,0,0,1,3,0,2,5,1,2,0,2
1702,3,10,2,2313.0,1,1,1,0,1,23.0,1,0,1,0,0,0,0,1,0,2016.0,0,0,0,1,0,0,2,1,1,1,1,2
1703,3,10,2,845.0,1,1,1,0,1,26.0,0,0,1,0,0,0,0,1,0,2016.0,0,0,0,2,0,0,2,1,1,0,1,2
1704,3,10,2,1025.0,1,1,1,0,1,91.0,1,0,0,0,1,0,0,1,0,2016.0,0,0,0,2,0,0,2,1,1,2,1,2
1705,3,10,2,715.0,1,1,1,0,1,24.0,1,0,0,0,1,0,0,1,0,2016.0,0,0,0,2,0,1,2,1,1,2,1,2
1706,3,10,2,1240.0,1,1,1,0,1,68.0,0,0,0,0,1,0,0,1,0,2016.0,0,0,1,2,0,1,2,1,1,2,1,2
1707,3,10,2,1250.0,1,1,1,0,1,23.0,0,0,0,0,1,0,0,1,0,2016.0,0,0,0,2,0,1,2,1,1,0,1,2
1708,3,10,2,1334.0,1,1,1,0,1,35.0,0,0,0,0,1,0,0,1,0,2016.0,0,0,0,2,0,1,2,1,1,2,0,2
1709,3,10,2,1756.0,1,1,1,0,1,28.0,1,0,0,0,1,0,1,1,0,2016.0,0,0,0,2,0,1,2,1,1,1,0,2
1710,3,10,2,517.0,1,1,1,0,1,60.0,1,0,0,0,1,0,1,1,0,2016.0,0,0,0,2,0,1,2,1,1,2,0,2
1711,3,10,2,620.0,1,1,1,0,1,18.0,1,0,0,0,1,0,1,1,0,2016.0,0,0,0,2,0,1,1,5,1,2,0,2
1712,3,10,2,841.0,1,1,1,0,1,53.0,1,0,0,0,1,0,1,1,0,2016.0,0,0,0,2,3,1,1,1,1,2,0,2
1713,3,10,2,841.0,1,1,1,0,1,60.0,0,0,0,0,1,0,1,1,0,2016.0,0,0,0,1,3,1,1,1,1,2,0,2
1714,3,10,2,1100.0,1,1,1,0,1,33.0,1,0,0,0,0,0,1,1,0,2016.0,0,0,0,1,0,1,1,0,1,2,0,2
1715,3,10,2,1612.0,1,1,1,0,1,18.0,1,0,0,0,0,0,1,1,0,2016.0,0,0,0,1,0,0,1,5,0,0,0,2
1716,3,10,2,2045.0,1,1,1,0,1,33.0,1,0,0,0,1,0,1,1,0,2016.0,0,0,0,1,0,0,1,1,0,3,0,2
1717,3,10,2,2322.0,1,1,1,0,1,18.0,1,0,0,0,1,0,1,1,0,2016.0,0,0,0,1,0,0,1,1,0,2,0,2
1718,3,10,2,38.0,1,1,1,0,1,72.0,0,0,1,0,1,0,1,1,0,2016.0,0,0,0,1,0,0,1,5,0,2,1,2
1719,3,10,2,319.0,1,1,1,0,1,18.0,1,0,1,0,1,0,1,1,0,2016.0,0,0,0,1,0,0,1,1,0,2,1,2
1720,3,10,2,800.0,1,1,1,0,1,30.0,0,0,1,0,1,0,1,1,0,2016.0,0,0,0,1,0,0,1,1,0,1,1,2
1721,3,10,2,849.0,1,1,1,0,1,69.0,0,0,1,0,1,0,1,1,0,2016.0,0,0,0,1,0,0,1,1,0,2,1,2
1722,3,10,2,1205.0,1,1,1,0,1,42.0,0,0,1,0,1,0,1,1,0,2016.0,0,0,0,1,0,0,1,1,0,2,1,2
1723,3,10,2,1205.0,1,1,1,0,1,70.0,0,0,1,0,1,0,1,1,0,2016.0,0,0,0,1,0,0,1,1,0,2,1,2
1724,3,10,2,1505.0,1,1,1,0,1,23.0,1,0,1,0,1,0,1,1,0,2016.0,0,0,0,2,3,0,1,1,0,2,1,2
1725,3,10,2,1655.0,1,1,1,0,1,51.0,0,0,1,0,1,0,1,1,0,2016.0,0,1,0,2,3,1,2,1,1,2,1,2
1726,3,10,2,1850.0,1,1,1,0,1,28.0,0,0,1,0,0,0,1,1,0,2016.0,0,1,0,2,3,1,2,1,1,2,1,2
1727,3,10,2,1850.0,1,1,1,0,1,1.0,0,0,1,0,0,0,1,1,0,2016.0,0,1,0,2,3,1,2,1,1,2,1,2
1728,3,10,2,1940.0,1,1,1,0,1,56.0,1,0,0,0,0,0,1,1,0,2016.0,0,1,0,2,3,1,2,1,1,2,1,2
1729,3,10,2,630.0,1,1,1,0,1,59.0,1,0,0,0,0,0,1,1,0,2016.0,0,1,0,2,3,1,2,4,1,0,0,2
1730,3,10,2,1735.0,1,1,1,0,1,33.0,0,0,0,0,0,0,1,1,0,2016.0,0,1,0,2,3,1,2,5,1,2,0,2
1731,3,10,2,1940.0,1,1,1,0,1,28.0,0,0,0,0,0,0,1,1,0,2016.0,0,1,0,2,3,1,2,1,1,2,0,2
1732,3,10,2,2051.0,1,1,1,0,1,17.0,1,0,0,0,0,0,1,1,0,2016.0,0,1,0,2,3,1,2,5,1,0,0,2
1733,3,10,2,708.0,1,1,1,0,1,28.0,1,0,0,0,0,0,1,1,0,2016.0,0,1,0,2,0,1,2,1,1,1,0,2
1734,3,10,2,708.0,1,1,1,0,1,28.0,1,0,0,0,0,0,1,1,0,2016.0,0,1,0,1,0,1,2,1,1,2,0,2
1735,3,10,2,708.0,1,1,1,0,1,28.0,0,0,0,0,0,0,1,1,0,2016.0,0,0,0,2,0,0,1,1,1,2,0,2
1736,3,10,2,815.0,1,1,1,0,1,63.0,0,0,0,0,1,0,1,1,0,2016.0,0,0,0,1,0,0,1,1,1,3,0,2
1737,3,10,2,940.0,1,1,1,0,1,6.0,1,0,0,0,1,0,1,1,0,2016.0,0,0,0,1,0,0,1,1,1,2,0,2
1738,3,10,2,1346.0,1,1,1,0,1,29.0,1,0,0,0,1,0,1,1,0,2016.0,0,0,0,1,0,0,1,1,1,0,0,2
1739,3,10,2,1850.0,1,1,1,0,1,25.0,1,0,0,0,1,0,1,1,0,2016.0,0,0,0,1,0,1,1,1,1,1,1,2
1740,3,10,2,1605.0,1,1,1,0,1,33.0,0,0,0,0,1,0,1,1,0,2016.0,0,0,0,1,0,1,1,1,1,2,1,2
1741,3,10,2,1605.0,1,1,1,0,1,12.0,1,0,0,0,1,0,1,1,0,2016.0,0,0,0,1,0,1,1,1,1,2,1,2
1742,3,10,2,633.0,1,1,1,0,1,54.0,0,0,0,0,1,0,1,1,0,2016.0,0,0,0,1,0,1,1,1,1,2,1,2
1743,3,10,2,900.0,1,1,1,0,1,38.0,0,0,0,0,1,0,1,1,0,2016.0,0,0,0,1,3,1,1,1,1,2,1,2
1744,3,10,2,900.0,1,1,1,0,1,25.0,0,0,0,0,1,0,1,1,0,2016.0,0,0,0,1,3,1,1,1,1,2,1,2
1745,3,10,2,1005.0,1,1,1,0,1,45.0,0,0,0,0,1,0,1,1,0,2016.0,0,0,1,1,2,1,1,1,1,2,1,2
1746,3,10,2,1140.0,1,1,1,0,1,56.0,1,0,0,0,0,0,0,1,0,2016.0,0,0,0,1,2,1,1,1,1,2,1,2
1747,3,10,2,1459.0,1,1,1,0,1,58.0,0,0,0,0,0,0,0,1,0,2016.0,0,0,0,1,2,1,1,1,1,2,1,2
1748,3,10,2,1534.0,1,1,1,0,1,26.0,1,0,0,0,0,0,0,1,0,2016.0,0,0,0,1,2,1,1,1,1,2,1,2
1749,3,10,2,1534.0,1,1,1,0,1,45.0,1,0,0,0,0,0,0,1,0,2016.0,0,0,0,1,2,0,2,1,1,2,1,2
1750,3,10,2,1225.0,1,1,1,0,1,36.0,1,0,0,0,0,0,0,1,0,2016.0,0,0,0,1,2,0,2,1,1,2,1,2
1751,3,10,2,2158.0,1,1,1,0,1,21.0,1,0,0,0,0,0,0,1,0,2016.0,0,0,0,1,2,0,2,0,1,1,1,2
1752,3,10,2,2312.0,1,1,1,0,1,30.0,1,0,0,0,0,0,0,1,0,2016.0,0,0,0,1,2,0,2,1,0,2,1,2
1753,3,10,2,2312.0,1,1,1,0,1,37.0,1,0,0,0,0,0,0,1,0,2016.0,0,0,0,1,2,1,2,1,0,0,1,2
1754,3,10,2,35.0,1,1,1,0,1,34.0,1,0,0,0,0,0,0,1,0,2016.0,0,0,0,1,2,1,2,1,0,3,1,2
1755,3,10,2,350.0,1,1,1,0,1,39.0,0,0,0,0,0,0,0,1,0,2016.0,0,0,0,1,3,1,2,1,0,3,1,2
1756,3,10,2,419.0,1,1,1,0,1,17.0,1,0,0,0,0,0,1,1,0,2016.0,0,0,0,1,3,1,2,0,0,2,1,2
1757,3,10,2,600.0,1,1,1,0,1,21.0,0,0,1,0,0,0,1,1,0,2016.0,0,0,0,2,3,1,2,1,0,3,1,2
1758,3,10,2,1205.0,1,1,1,0,1,49.0,1,0,1,0,1,0,1,1,0,2016.0,0,0,0,1,2,1,2,1,0,2,1,2
1759,3,10,2,1205.0,1,1,1,0,1,71.0,0,0,1,0,1,0,1,1,0,2016.0,0,0,0,1,2,1,1,1,0,2,1,2
1760,3,10,2,1929.0,1,1,1,0,1,25.0,1,0,1,0,1,0,1,1,0,2016.0,0,0,0,1,2,1,1,1,0,0,1,2
1761,3,10,2,650.0,1,1,1,0,1,22.0,0,0,1,0,1,0,1,1,0,2016.0,0,0,0,1,2,1,1,1,0,1,1,2
1762,3,10,2,1655.0,1,1,1,0,1,37.0,1,0,1,0,1,0,1,1,0,2016.0,0,0,0,1,2,1,1,1,1,0,1,2
1763,3,9,2,1855.0,1,1,1,0,1,26.0,0,0,1,0,1,0,1,1,0,2016.0,0,0,0,1,2,0,1,1,1,2,1,0
1764,3,9,2,645.0,1,1,1,0,1,51.0,0,0,1,0,1,0,1,1,0,2016.0,0,0,0,1,2,0,1,1,1,1,1,0
1765,3,9,2,1435.0,1,1,1,0,1,76.0,0,0,1,0,1,0,1,1,0,2016.0,0,0,0,1,2,0,1,1,1,2,1,0
1766,3,9,2,1850.0,1,1,1,0,1,20.0,1,0,1,0,1,0,1,1,0,2016.0,0,0,0,2,2,0,1,1,1,1,1,0
1767,3,9,2,2030.0,1,1,1,0,1,31.0,1,0,1,0,1,0,1,1,0,2016.0,0,0,0,1,2,0,1,1,1,2,1,0
1768,3,9,2,2300.0,1,1,1,0,1,33.0,1,0,1,0,0,0,1,1,0,2016.0,0,0,0,1,3,0,1,1,1,1,1,0
1769,3,9,2,1000.0,1,1,1,0,1,77.0,0,0,1,0,0,0,1,1,0,2016.0,0,0,0,1,3,1,1,1,1,2,1,0
1770,3,9,2,1014.0,1,1,1,0,1,69.0,0,0,1,0,0,0,1,1,0,2016.0,0,0,0,1,3,1,1,1,1,0,1,0
1771,3,9,2,1830.0,1,1,1,0,1,19.0,1,0,1,0,0,0,1,1,0,2016.0,0,0,0,1,3,1,1,1,1,1,1,0
1772,3,9,2,1845.0,1,1,1,0,1,45.0,1,0,1,0,0,0,1,1,0,2016.0,0,0,0,1,3,1,1,1,1,2,1,0
1773,3,9,2,2155.0,1,1,1,0,1,50.0,1,1,1,0,0,0,1,1,0,2016.0,0,0,0,1,3,1,1,1,1,2,1,2
1774,3,9,2,2328.0,1,1,1,0,1,44.0,1,0,1,0,0,0,1,1,0,2016.0,0,0,0,1,3,1,1,1,1,2,1,2
1775,3,9,2,1550.0,1,1,1,0,1,19.0,0,0,1,0,0,0,1,1,0,2016.0,0,0,0,1,2,1,1,1,1,2,1,2
1776,3,9,2,1710.0,1,1,1,0,1,62.0,0,0,1,0,0,0,1,1,0,2016.0,0,0,0,1,2,1,1,1,1,3,1,2
1777,3,9,2,1710.0,1,1,1,0,1,54.0,0,0,0,0,0,0,1,1,0,2016.0,0,0,0,1,2,1,1,1,1,3,1,2
1778,3,9,2,1710.0,1,1,1,0,1,18.0,0,0,0,0,0,0,1,1,0,2016.0,0,0,0,1,2,1,1,1,1,3,1,2
1779,3,9,2,1710.0,1,1,1,0,1,72.0,0,0,0,0,0,0,1,1,0,2016.0,0,0,0,1,2,1,1,1,1,3,1,2
1780,3,9,2,1800.0,1,1,1,0,1,35.0,1,0,0,0,0,0,1,1,0,2016.0,0,0,0,1,2,1,1,1,1,2,1,2
1781,3,9,2,1800.0,1,1,1,0,1,54.0,1,0,0,0,1,0,1,1,0,2016.0,0,0,0,1,2,1,1,1,1,2,1,2
1782,3,9,2,1620.0,1,1,1,0,1,44.0,1,0,0,0,1,0,1,1,0,2016.0,0,0,0,1,2,1,1,1,0,1,1,2
1783,3,9,2,723.0,1,1,1,0,1,47.0,1,0,0,0,1,0,1,1,0,2016.0,0,0,0,1,2,1,1,1,0,2,1,2
1784,3,9,2,723.0,1,1,1,0,1,51.0,1,0,0,0,1,0,0,1,0,2016.0,0,0,0,1,2,1,2,1,0,2,1,2
1785,3,9,2,1900.0,1,1,1,0,1,40.0,1,0,0,0,1,0,0,1,0,2016.0,0,0,0,1,3,1,2,1,0,2,1,2
1786,3,9,2,1900.0,1,1,1,0,1,18.0,1,0,0,0,1,0,0,1,0,2016.0,0,0,0,1,3,1,2,1,0,2,1,2
1787,3,9,2,1900.0,1,1,1,0,1,19.0,1,0,0,0,1,0,0,1,0,2016.0,0,0,0,1,2,1,2,1,0,2,0,2
1788,3,9,2,1900.0,1,1,1,0,1,20.0,1,0,0,0,1,0,0,1,0,2016.0,0,0,0,1,2,1,2,1,0,2,0,2
1789,3,9,2,1805.0,1,1,1,0,1,46.0,0,0,0,0,1,0,0,1,0,2016.0,0,0,0,2,2,1,2,1,0,2,0,2
1790,3,9,2,1805.0,1,1,1,0,1,22.0,0,0,0,0,1,0,0,1,0,2016.0,0,0,0,1,2,1,2,1,0,2,0,2
1791,3,9,2,1805.0,1,1,1,0,1,24.0,0,0,0,0,0,0,0,1,0,2016.0,0,0,0,1,2,1,2,1,0,2,0,2
1792,3,9,2,1805.0,1,1,1,0,1,21.0,0,0,0,0,0,0,0,1,0,2016.0,0,0,0,1,2,1,2,1,1,2,0,2
1793,3,9,2,1936.0,1,1,1,0,1,51.0,0,0,0,0,0,0,0,1,0,2016.0,0,0,0,1,2,1,2,1,1,2,0,2
1794,3,9,2,545.0,1,1,1,0,1,23.0,1,0,0,0,0,0,1,1,0,2016.0,0,0,0,1,2,1,1,1,1,2,0,2
1795,3,9,2,1055.0,1,1,1,0,1,21.0,0,0,0,0,0,0,1,1,0,2016.0,0,0,0,1,2,1,1,1,1,2,0,2
1796,3,9,2,1055.0,1,1,1,0,1,29.0,1,0,0,0,0,0,1,1,0,2016.0,0,0,0,1,2,1,1,1,1,2,0,2
1797,3,9,2,1400.0,1,1,1,0,1,15.0,1,0,1,0,0,0,1,1,0,2016.0,0,0,0,1,3,1,1,1,1,1,1,2
1798,3,9,2,1400.0,1,1,1,0,1,14.0,1,0,1,0,0,0,1,1,0,2016.0,0,0,0,1,3,1,1,1,1,1,1,2
1799,3,9,2,1719.0,1,1,1,0,1,24.0,1,0,1,0,0,0,1,0,0,2016.0,0,0,0,1,3,0,1,1,1,2,1,2
1800,3,9,2,1000.0,1,1,1,0,1,64.0,0,1,1,0,0,0,1,1,0,2016.0,0,0,0,1,3,0,1,1,1,1,1,2
1801,3,9,2,1317.0,1,1,1,0,1,25.0,1,1,1,0,0,0,1,1,0,2016.0,0,0,0,1,2,0,1,1,0,2,1,2
1802,3,9,2,1650.0,1,1,1,0,1,23.0,1,1,1,0,0,0,1,1,0,2016.0,0,0,0,2,2,0,1,1,0,1,1,2
1803,3,9,2,730.0,1,1,1,0,1,3.0,1,1,1,0,0,0,1,1,0,2016.0,0,0,0,1,2,0,1,1,0,2,1,2
1804,3,9,2,950.0,1,1,1,0,1,51.0,0,1,1,0,0,0,1,1,0,2016.0,0,0,0,1,2,0,1,1,0,2,1,2
1805,3,9,2,950.0,1,1,1,0,1,26.0,0,1,1,0,0,0,1,1,0,2016.0,0,0,0,1,2,0,1,1,0,2,1,2
1806,3,9,2,950.0,1,1,1,0,1,30.0,1,1,1,0,0,0,1,1,0,2016.0,0,0,0,1,2,1,2,1,0,2,1,2
1807,3,9,2,950.0,1,1,1,0,1,28.0,0,1,1,0,0,0,1,1,0,2016.0,0,0,0,1,2,1,2,1,0,2,1,2
1808,3,9,2,955.0,1,1,1,0,1,22.0,1,1,1,0,0,0,1,1,0,2016.0,0,0,0,1,2,1,2,1,0,0,1,2
1809,3,9,2,845.0,1,1,1,0,1,27.0,0,1,1,0,0,0,1,1,0,2016.0,0,0,0,1,2,1,2,1,0,2,1,2
1810,3,9,2,1740.0,1,1,1,0,1,61.0,0,1,1,0,0,0,1,1,0,2016.0,0,0,0,1,2,1,2,1,0,2,1,2
1811,3,9,2,1740.0,1,1,1,0,1,54.0,1,1,1,0,0,0,1,1,0,2016.0,0,0,0,1,3,1,2,1,1,2,1,2
1812,3,9,2,1804.0,1,1,1,0,1,50.0,1,1,1,0,0,0,1,1,0,2016.0,0,0,0,1,2,1,2,1,1,1,1,2
1813,3,9,2,1820.0,1,1,1,0,1,44.0,1,1,1,0,1,0,1,1,0,2016.0,0,0,0,1,2,1,2,1,1,1,0,2
1814,3,9,2,1950.0,1,1,1,0,1,25.0,0,1,1,0,1,0,1,1,0,2016.0,0,0,0,1,2,1,2,1,1,2,0,2
1815,3,9,2,900.0,1,1,1,0,1,33.0,1,1,1,0,1,0,1,1,0,2016.0,0,0,0,1,2,1,2,1,1,2,0,2
1816,3,9,2,900.0,1,1,1,0,1,60.0,0,1,1,0,1,0,1,1,0,2016.0,0,0,0,1,2,0,1,1,0,3,0,2
1817,3,9,2,900.0,1,1,1,0,1,46.0,1,1,0,0,1,0,1,1,0,2016.0,0,0,0,1,2,0,1,1,0,3,0,2
1818,3,9,2,905.0,1,1,1,0,1,19.0,1,1,0,0,1,0,1,1,0,2016.0,0,0,0,1,2,0,1,1,0,1,0,2
1819,3,9,2,1643.0,1,1,1,0,1,34.0,0,1,0,0,1,0,1,1,0,2016.0,0,0,0,1,2,1,1,1,0,2,0,2
1820,3,9,2,1643.0,1,1,1,0,1,5.0,0,1,0,0,1,0,1,1,0,2016.0,0,0,0,1,2,1,1,1,0,2,0,2
1821,3,9,2,1700.0,1,1,1,0,1,13.0,0,1,0,0,1,0,1,1,0,2016.0,0,0,0,1,2,1,1,1,0,2,0,2
1822,3,9,2,2116.0,1,1,1,0,1,33.0,0,1,0,0,1,0,1,1,0,2016.0,0,0,0,1,3,1,1,1,0,1,0,2
1823,3,9,2,1929.0,1,1,1,0,1,18.0,1,1,0,0,0,0,0,1,0,2016.0,0,0,0,2,2,1,1,1,0,2,1,2
1824,3,9,2,820.0,1,1,1,0,1,47.0,0,1,0,0,0,0,0,1,0,2016.0,0,0,0,1,2,1,1,1,0,2,1,2
1825,3,9,2,1819.0,1,1,1,0,1,43.0,0,1,0,0,0,0,0,1,0,2016.0,0,0,0,1,2,1,1,1,0,2,1,2
1826,3,9,2,1850.0,1,1,1,0,1,25.0,0,1,0,0,0,0,0,1,0,2016.0,0,0,0,1,2,1,1,1,1,2,1,2
1827,3,9,2,1630.0,1,1,1,0,1,70.0,0,1,0,0,0,0,0,1,0,2016.0,0,0,0,1,2,1,1,1,1,3,1,2
1828,3,9,2,1930.0,1,1,1,0,1,17.0,1,1,1,0,0,0,0,1,0,2016.0,0,0,0,1,2,1,1,1,1,1,1,2
1829,3,9,2,2015.0,1,1,1,0,1,57.0,0,1,1,0,0,0,0,1,0,2016.0,0,0,0,1,2,0,1,1,1,2,1,2
1830,3,9,2,640.0,1,1,1,0,1,58.0,0,1,1,0,0,0,0,1,0,2016.0,0,0,0,1,2,0,1,1,1,2,1,2
1831,3,9,2,1850.0,1,1,1,0,1,56.0,1,1,1,0,0,0,0,1,0,2016.0,0,0,0,1,2,0,1,1,1,1,1,2
1832,3,9,2,1245.0,1,1,1,0,1,45.0,1,1,1,0,0,0,0,1,0,2016.0,0,0,0,1,2,0,1,1,1,2,1,2
1833,3,9,2,1715.0,1,1,1,0,1,36.0,1,1,1,0,0,0,1,1,0,2016.0,0,0,0,1,3,0,2,1,1,1,1,2
1834,3,9,2,1723.0,1,1,1,0,1,27.0,0,1,1,0,0,0,1,1,0,2016.0,0,0,0,1,3,1,2,1,1,1,1,2
1835,3,9,2,2045.0,1,1,1,0,1,45.0,0,1,1,0,0,0,1,1,0,2016.0,0,0,0,1,3,1,2,1,1,1,1,2
1836,3,9,2,930.0,1,1,1,0,1,28.0,1,1,1,0,0,0,1,1,0,2016.0,0,0,0,1,3,1,2,1,1,1,1,2
1837,3,9,2,1800.0,1,1,1,0,1,61.0,1,1,1,0,0,0,1,1,0,2016.0,0,0,0,1,3,1,2,1,1,1,1,2