,State,month,day,time,harmful-event,manner-of-collision,person-type,seating-position,age,age-range,gender,race,injury-severity,air-bag,transported-for-treatment,protection-system,ejection,extrication,dead-on-arrival,year-of-death,alcohol-test,drug-test,road-type,n0-of-lanes,sorrounding-area,road-features,light-condion,weather-conditions,following-traffic-rules,type-of-vehicle,causality-class,Severity Class
1838,3,9,2,1140.0,1,1,1,0,1,68.0,0,1,0,0,0,0,1,1,0,2016.0,0,0,0,1,3,1,2,1,0,2,1,2
1839,3,9,2,1507.0,1,1,1,0,1,21.0,1,1,0,0,0,0,1,1,0,2016.0,0,0,0,1,2,1,2,5,0,0,1,2
1840,3,9,3,1750.0,1,1,1,0,1,50.0,1,0,0,0,0,0,1,1,0,2016.0,0,0,0,1,2,1,2,1,0,1,1,2
1841,3,9,3,1655.0,1,1,1,0,1,44.0,0,0,0,0,0,0,1,1,0,2016.0,0,0,0,2,2,1,2,5,0,2,1,2
1842,3,9,3,1715.0,1,1,1,0,1,22.0,1,0,0,0,0,0,1,1,0,2016.0,0,0,0,0,2,1,2,1,0,1,1,2
1843,3,9,3,1725.0,1,1,1,0,1,73.0,0,0,0,0,0,0,1,1,0,2016.0,0,0,0,0,2,1,1,5,0,2,1,0
1844,3,9,3,1734.0,1,1,1,0,1,29.0,1,0,0,0,0,0,1,1,0,2016.0,0,0,0,0,2,0,1,5,0,1,1,0
1845,3,9,3,1900.0,1,1,1,0,1,40.0,1,0,0,0,0,0,1,1,0,2016.0,0,0,0,0,2,0,1,1,0,2,1,0
1846,3,9,3,2031.0,1,1,1,0,1,21.0,0,0,0,0,0,0,1,1,0,2016.0,0,0,0,0,2,0,1,1,0,2,1,0
1847,3,9,3,1815.0,1,1,1,0,1,51.0,1,0,0,0,0,0,1,1,0,2016.0,0,0,0,0,2,0,1,1,0,2,1,0
1848,3,9,3,1340.0,1,1,1,0,1,45.0,1,0,0,0,0,0,1,1,0,2016.0,0,0,0,0,2,0,1,1,1,1,1,0
1849,3,9,3,1801.0,1,1,1,0,1,53.0,0,0,0,0,0,0,1,1,0,2016.0,0,0,0,0,3,0,1,1,1,2,1,0
1850,3,9,3,1801.0,1,1,1,0,1,26.0,0,0,1,0,0,0,1,1,0,2016.0,0,0,0,0,3,0,1,1,1,2,1,2
1851,3,9,3,1801.0,1,1,1,0,1,36.0,1,0,1,0,0,0,1,1,0,2016.0,0,0,0,0,3,0,1,1,1,2,1,2
1852,3,9,3,1801.0,1,1,1,0,1,16.0,0,0,1,0,1,0,1,1,0,2016.0,0,0,0,1,3,1,1,1,1,2,1,2
1853,3,9,3,1805.0,1,1,1,0,1,40.0,1,0,1,0,1,0,1,1,0,2016.0,0,0,0,1,3,1,1,1,1,2,0,2
1854,3,9,3,1805.0,1,1,1,0,1,36.0,0,0,1,0,1,0,1,1,0,2016.0,0,0,0,1,3,1,1,1,1,2,0,2
1855,3,9,3,1805.0,1,1,1,0,1,3.0,1,0,1,0,1,0,1,1,0,2016.0,0,0,0,1,3,1,1,1,1,2,0,2
1856,3,9,3,1805.0,1,1,1,0,1,11.0,0,0,1,0,1,0,1,1,0,2016.0,0,0,0,1,3,1,1,1,1,2,0,2
1857,3,9,3,1805.0,1,1,1,0,1,32.0,1,0,1,0,1,0,1,1,0,2016.0,0,0,0,1,2,1,1,1,1,2,0,2
1858,3,9,3,1924.0,1,1,1,0,1,16.0,0,0,1,0,1,0,1,1,0,2016.0,0,0,0,1,2,1,1,1,1,2,0,2
1859,3,9,3,1929.0,1,1,1,0,1,9.0,1,0,1,0,1,0,1,1,0,2016.0,0,0,0,1,2,1,1,1,1,2,0,2
1860,3,9,3,25.0,1,1,1,0,1,46.0,1,0,0,0,1,0,0,1,0,2016.0,0,0,0,1,2,1,1,1,0,3,0,2
1861,3,9,3,25.0,1,1,1,0,1,32.0,1,1,0,0,1,0,0,1,0,2016.0,0,0,0,1,2,1,1,1,0,2,0,2
1862,3,9,3,2005.0,1,1,1,0,1,24.0,0,1,0,0,0,0,0,1,0,2016.0,0,0,0,1,2,0,1,1,0,2,0,2
1863,3,9,3,1125.0,1,1,1,0,1,30.0,1,1,0,0,0,0,0,1,0,2016.0,0,0,0,1,2,0,1,1,0,2,1,2
1864,3,9,3,1415.0,1,1,1,0,1,32.0,1,1,0,0,0,0,0,1,0,2016.0,0,0,0,0,2,0,1,1,0,2,1,2
1865,3,9,3,1800.0,1,1,1,0,1,45.0,1,1,1,0,0,0,0,1,0,2016.0,0,0,0,0,2,1,1,1,0,2,1,2
1866,3,9,3,2240.0,1,1,1,0,1,33.0,1,1,1,0,0,0,0,1,0,2016.0,0,0,0,0,2,1,2,1,0,2,1,2
1867,3,9,3,2240.0,1,1,1,0,1,50.0,0,1,1,0,0,0,0,1,0,2016.0,0,0,0,0,3,1,2,1,0,2,1,2
1868,3,9,3,2330.0,1,1,1,0,1,36.0,0,1,1,0,0,0,0,1,0,2016.0,0,0,0,0,3,1,2,1,0,2,1,2
1869,3,9,3,654.0,1,1,1,0,1,49.0,0,1,1,0,0,0,0,1,0,2016.0,0,0,1,0,2,1,2,1,0,1,1,2
1870,3,9,3,1143.0,1,1,1,0,1,23.0,0,1,1,0,0,0,1,1,0,2016.0,0,0,0,0,2,1,2,1,1,2,1,2
1871,3,9,3,1215.0,1,1,1,0,1,44.0,1,1,1,0,0,0,1,1,0,2016.0,0,0,0,0,2,1,2,1,1,2,1,2
1872,3,9,3,1614.0,1,1,1,0,1,42.0,0,1,1,0,0,0,1,1,0,2016.0,0,0,0,0,2,1,2,1,1,2,1,2
1873,3,9,3,1614.0,1,1,1,0,1,7.0,0,1,1,0,0,0,1,1,0,2016.0,0,0,0,0,2,1,2,1,1,2,1,2
1874,3,9,3,1700.0,1,1,1,0,1,31.0,0,1,1,0,0,1,1,1,0,2016.0,0,0,0,1,2,1,2,1,1,3,1,2
1875,3,9,3,1800.0,1,1,1,0,1,20.0,0,1,0,0,0,1,1,1,0,2016.0,0,0,0,1,2,0,2,1,1,2,1,2
1876,3,9,3,1830.0,1,1,1,0,1,31.0,1,1,0,0,0,1,1,1,0,2016.0,0,0,0,1,2,0,1,1,1,2,1,2
1877,3,9,3,1830.0,1,1,1,0,1,29.0,0,1,0,0,0,1,1,1,0,2016.0,0,0,0,0,2,0,1,1,1,2,1,2
1878,3,9,3,1830.0,1,1,1,0,1,7.0,1,1,0,0,0,1,1,1,0,2016.0,0,0,0,0,2,0,1,1,1,2,1,2
1879,3,9,3,1530.0,1,1,1,0,1,90.0,0,1,0,0,0,1,1,1,0,2016.0,0,0,0,0,3,0,1,1,1,3,1,2
1880,3,9,3,1728.0,1,1,1,0,1,53.0,1,1,0,0,0,1,1,1,0,2016.0,0,0,0,0,3,0,1,1,1,2,1,2
1881,3,9,3,920.0,1,1,1,0,1,90.0,1,1,0,0,0,1,1,1,0,2016.0,0,0,0,0,3,0,1,1,1,2,1,2
1882,3,9,3,2244.0,1,1,1,0,1,22.0,1,1,0,0,0,1,1,1,0,2016.0,0,0,0,0,3,0,1,5,1,2,0,2
1883,3,9,3,805.0,1,1,1,0,1,60.0,1,1,0,0,0,1,1,1,0,2016.0,0,0,0,0,3,0,1,1,1,1,1,2
1884,3,9,3,850.0,1,1,1,0,1,33.0,0,1,0,0,0,0,1,1,0,2016.0,0,0,0,0,2,1,1,1,0,2,1,2
1885,3,9,3,745.0,1,1,1,0,1,38.0,1,1,0,0,0,0,1,1,0,2016.0,0,0,0,0,2,1,1,1,0,1,1,2
1886,3,9,3,915.0,1,1,1,0,1,30.0,0,1,0,0,1,0,1,1,0,2016.0,0,0,0,0,2,1,1,1,0,1,1,2
1887,3,9,3,1001.0,1,1,1,0,1,21.0,0,1,0,0,1,0,1,1,0,2016.0,0,0,0,1,2,1,1,1,0,1,1,2
1888,3,9,3,1611.0,1,1,1,0,1,57.0,0,1,0,0,1,0,1,1,0,2016.0,0,0,0,1,2,1,2,1,0,1,1,2
1889,3,9,3,1005.0,1,1,1,0,1,50.0,0,1,0,0,1,0,1,1,0,2016.0,0,0,0,1,2,1,2,1,0,2,1,2
1890,3,9,3,830.0,1,1,1,0,1,19.0,0,1,0,0,1,0,1,1,0,2016.0,0,0,0,1,2,1,2,1,0,2,1,2
1891,3,9,3,830.0,1,1,1,0,1,19.0,0,1,0,0,1,0,1,1,0,2016.0,0,0,0,1,2,1,2,1,0,2,1,2
1892,3,9,3,640.0,1,1,1,0,1,25.0,0,1,0,0,1,0,1,1,0,2016.0,0,0,0,0,2,1,2,1,0,1,1,2
1893,3,9,3,815.0,1,1,1,0,1,10.0,1,1,0,0,1,0,1,1,0,2016.0,0,0,0,0,2,1,2,1,0,2,1,2
1894,3,9,3,1035.0,1,1,1,0,1,86.0,1,1,0,0,1,0,1,1,0,2016.0,0,0,0,0,3,0,2,1,1,2,1,2
1895,3,9,3,1630.0,1,1,1,0,1,41.0,1,1,1,0,1,0,1,1,0,2016.0,0,0,0,0,3,0,2,1,1,2,1,2
1896,3,9,3,1756.0,1,1,1,0,1,47.0,1,1,1,0,0,0,1,1,0,2016.0,0,0,0,0,3,0,2,1,1,2,1,2
1897,3,9,3,2020.0,1,1,1,0,1,19.0,0,1,1,0,0,0,1,1,0,2016.0,0,0,0,0,3,0,2,1,1,1,1,2
1898,3,9,3,1110.0,1,1,1,0,1,48.0,1,1,1,0,0,0,1,1,0,2016.0,0,0,0,0,2,0,1,1,1,1,1,2
1899,3,9,3,1110.0,1,1,1,0,1,36.0,1,1,1,0,0,0,1,1,0,2016.0,0,0,0,0,2,0,1,1,1,1,1,2
1900,3,9,3,1449.0,1,1,1,0,1,51.0,1,1,1,0,0,0,1,1,0,2016.0,0,0,0,0,2,0,1,1,1,2,1,2
1901,3,9,3,1657.0,1,1,1,0,1,32.0,0,0,1,0,0,0,1,1,0,2016.0,0,0,0,0,2,0,1,1,1,2,1,2
1902,3,9,3,1700.0,1,1,1,0,1,62.0,1,0,1,0,0,0,1,1,0,2016.0,0,0,0,1,2,1,1,1,1,2,1,2
1903,3,9,3,1700.0,1,1,1,0,1,35.0,0,0,1,0,0,0,1,1,0,2017.0,0,0,0,1,2,1,1,1,1,2,1,2
1904,3,9,3,2013.0,1,1,1,0,1,16.0,1,0,1,0,0,0,1,1,0,2017.0,0,0,0,1,2,1,1,3,1,0,1,2
1905,3,9,3,2145.0,1,1,1,0,1,34.0,1,0,0,0,0,0,1,1,0,2017.0,0,0,0,1,2,1,1,1,1,2,1,2
1906,3,9,3,223.0,1,1,1,0,1,40.0,1,0,0,0,0,0,1,1,0,2017.0,0,0,0,1,2,1,1,1,1,2,1,2
1907,3,9,3,1835.0,1,1,1,0,1,53.0,0,0,0,0,0,0,1,1,0,2017.0,0,0,0,1,2,1,1,1,1,3,1,2
1908,3,9,3,1835.0,1,1,1,0,1,55.0,0,0,0,0,0,0,0,1,0,2017.0,0,0,0,1,3,1,1,1,0,3,1,2
1909,3,9,3,1451.0,1,1,1,0,1,22.0,1,1,0,0,0,0,0,1,0,2017.0,0,0,0,1,3,1,1,1,0,0,1,2
1910,3,9,3,1451.0,1,1,1,0,1,51.0,0,1,0,0,0,0,0,1,0,2017.0,0,0,0,0,3,1,1,1,0,2,1,2
1911,3,9,3,630.0,1,1,1,0,1,42.0,1,1,0,0,0,0,0,1,0,2017.0,0,0,0,0,2,1,1,1,0,2,1,2
1912,3,9,3,945.0,1,1,1,0,1,30.0,0,1,0,0,0,0,0,1,0,2017.0,0,0,1,0,2,0,1,1,0,1,1,2
1913,3,9,3,1250.0,1,1,1,0,1,21.0,1,1,0,0,0,0,0,1,0,2017.0,0,0,0,0,2,0,2,5,0,0,1,2
1914,3,9,3,1612.0,1,1,1,0,1,79.0,0,1,0,0,1,0,0,1,0,2017.0,0,0,0,0,2,0,2,1,0,2,1,2
1915,3,9,3,650.0,1,1,1,0,1,58.0,0,1,0,0,1,0,0,1,0,2017.0,0,0,0,0,2,1,2,5,0,2,1,2
1916,3,9,3,1519.0,1,1,1,0,1,11.0,1,1,0,0,1,0,0,1,0,2017.0,0,0,0,0,2,1,2,1,0,2,1,2
1917,3,9,3,1618.0,1,1,1,0,1,13.0,0,1,0,0,1,0,0,1,0,2017.0,0,0,0,0,2,1,2,1,0,2,0,2
1918,3,9,3,1618.0,1,1,1,0,1,14.0,0,1,0,0,1,0,1,1,0,2017.0,0,0,0,0,2,1,2,1,1,2,1,2
1919,3,9,3,1635.0,1,1,1,0,1,51.0,1,1,0,0,1,0,1,1,0,2017.0,0,0,0,0,2,1,2,1,1,1,1,2
1920,3,9,3,1840.0,1,1,1,0,1,55.0,1,1,0,0,1,0,1,1,0,2017.0,0,0,0,1,2,1,2,1,1,0,1,2
1921,3,9,3,2219.0,1,1,1,0,1,48.0,1,1,0,0,1,0,1,1,0,2017.0,0,0,0,1,2,1,2,1,1,0,1,2
1922,3,9,3,945.0,1,1,1,0,1,51.0,1,1,0,0,1,0,1,1,0,2017.0,0,0,0,1,2,1,2,1,1,2,1,2
1923,3,9,3,1630.0,1,1,1,0,1,33.0,1,1,1,0,1,0,1,1,0,2017.0,0,0,0,1,2,1,1,1,1,2,1,2
1924,3,9,3,1317.0,1,1,1,0,1,20.0,1,1,1,0,0,0,1,1,0,2017.0,0,0,0,1,2,1,1,1,0,0,1,2
1925,3,9,3,1550.0,1,1,1,0,1,49.0,1,1,1,0,0,0,1,1,0,2017.0,0,0,0,1,2,0,1,5,0,3,1,2
1926,3,9,3,2140.0,1,1,1,0,1,24.0,1,1,1,0,0,0,1,1,0,2017.0,0,0,0,0,2,0,1,3,0,2,1,2
1927,3,9,3,424.0,1,1,1,0,1,24.0,1,1,1,0,0,0,1,1,0,2017.0,0,0,0,0,2,1,1,4,0,1,1,2
1928,3,9,3,424.0,1,1,1,0,1,47.0,1,1,1,0,0,0,1,1,0,2017.0,0,0,0,0,2,1,1,4,0,3,1,2
1929,3,9,3,730.0,1,1,1,0,1,31.0,0,1,1,0,0,0,1,1,0,2017.0,0,0,0,0,2,1,1,1,0,2,1,2
1930,3,9,3,730.0,1,1,1,0,1,8.0,1,1,1,0,0,0,1,1,0,2017.0,0,0,0,0,2,1,1,1,0,2,1,2
1931,3,9,3,1012.0,1,1,1,0,1,23.0,0,1,1,0,0,0,1,1,0,2017.0,0,0,0,0,3,1,1,1,0,0,1,2
1932,3,9,3,1528.0,1,1,1,0,1,15.0,1,1,1,0,0,0,1,1,0,2017.0,0,0,0,0,3,1,1,5,0,2,1,2
1933,3,9,3,1613.0,1,1,1,0,1,12.0,0,1,0,0,0,0,1,1,0,2017.0,0,0,0,0,3,1,1,5,0,2,1,2
1934,3,9,3,1613.0,1,1,1,0,1,36.0,0,1,0,0,0,0,1,1,0,2017.0,0,0,0,0,3,1,1,5,1,2,1,2
1935,3,9,3,1700.0,1,1,1,0,1,24.0,1,1,0,0,0,0,1,1,0,2017.0,0,0,0,0,2,1,1,4,1,2,1,2
1936,3,9,3,1700.0,1,1,1,0,1,19.0,0,1,0,0,0,0,1,1,0,2017.0,0,0,0,1,2,1,1,4,1,2,1,2
1937,3,9,3,1700.0,1,1,1,0,1,20.0,1,1,0,0,1,0,1,1,0,2017.0,0,0,0,1,2,0,1,4,1,2,1,2
1938,3,9,3,1835.0,1,1,1,0,1,54.0,0,1,1,0,1,0,1,1,0,2017.0,0,0,0,1,2,0,1,1,1,2,1,2
1939,3,9,3,805.0,1,1,1,0,1,12.0,0,1,1,0,1,0,1,1,0,2017.0,0,0,0,1,2,0,1,1,0,2,1,2
1940,3,9,3,720.0,1,1,1,0,1,54.0,0,1,1,0,1,0,1,1,0,2017.0,0,0,0,1,2,1,2,1,0,2,1,2
1941,3,9,3,818.0,1,1,1,0,1,27.0,0,1,1,0,1,0,1,1,0,2017.0,0,0,0,1,2,1,2,1,0,1,1,2
1942,3,9,3,925.0,1,1,1,0,1,28.0,0,1,1,0,1,0,1,1,0,2017.0,0,0,0,1,2,1,2,1,0,2,1,2
1943,3,2,3,930.0,1,1,1,0,1,18.0,1,1,1,0,1,0,1,1,0,2017.0,0,0,0,1,2,1,2,1,0,0,1,2
1944,3,2,3,1050.0,1,1,1,0,1,31.0,1,1,1,0,1,0,1,1,0,2017.0,0,0,0,0,2,1,2,1,0,2,1,2
1945,3,2,3,1050.0,1,1,1,0,1,30.0,0,1,1,0,1,0,1,1,0,2017.0,0,0,0,0,2,1,2,1,0,2,1,2
1946,3,2,3,1050.0,1,1,1,0,1,61.0,0,1,1,0,1,0,1,1,0,2017.0,0,0,0,0,2,1,2,1,0,2,1,2
1947,3,2,3,1050.0,1,1,1,0,1,64.0,1,1,1,0,0,0,1,1,0,2017.0,0,0,0,0,2,1,2,1,0,2,1,2
1948,3,2,3,1230.0,1,1,1,0,1,43.0,1,1,0,0,0,0,1,1,0,2017.0,0,0,0,0,2,1,2,1,0,1,1,2
1949,3,2,3,1545.0,1,1,1,0,1,52.0,0,0,0,0,0,0,1,1,0,2017.0,0,0,0,0,2,1,2,1,1,2,1,2
1950,3,2,3,1545.0,1,1,1,0,1,55.0,1,0,0,0,0,0,0,1,0,2017.0,0,0,0,0,2,0,1,1,1,2,1,2
1951,3,2,3,1714.0,1,1,1,0,1,21.0,1,0,0,0,0,0,0,1,0,2017.0,0,0,0,0,2,0,1,5,1,0,1,2
1952,3,2,3,1723.0,1,1,1,0,1,36.0,1,0,0,0,0,0,0,1,0,2017.0,0,0,0,0,2,1,1,5,1,1,0,2
1953,3,2,3,1715.0,1,1,1,0,1,82.0,0,0,0,0,0,0,0,1,0,2017.0,0,0,0,0,2,1,1,6,1,2,1,2
1954,3,2,3,30.0,1,1,1,0,1,24.0,1,0,0,0,0,0,0,1,0,2017.0,0,0,0,1,2,1,1,1,1,2,1,2
1955,3,2,3,750.0,1,1,1,0,1,21.0,0,0,0,0,0,0,0,1,0,2017.0,0,0,0,1,3,1,1,1,1,2,1,2
1956,3,2,3,1035.0,1,1,1,0,1,86.0,1,0,0,0,0,0,0,1,0,2017.0,0,0,0,0,3,1,1,1,1,2,1,2
1957,3,2,3,1705.0,1,1,1,0,1,50.0,1,0,0,0,0,0,0,1,0,2017.0,0,0,0,0,3,1,1,1,1,0,1,2
1958,3,2,3,1600.0,1,1,1,0,1,45.0,1,0,0,0,0,0,0,1,0,2017.0,0,0,0,0,3,1,1,1,1,3,1,2
1959,3,2,3,1600.0,1,1,1,0,1,30.0,0,0,0,0,0,0,0,1,0,2017.0,0,0,0,0,3,1,1,1,1,3,1,2
1960,3,2,3,1600.0,1,1,1,0,1,24.0,0,0,0,0,0,0,1,1,0,2017.0,0,0,0,0,3,1,1,1,1,3,1,2
1961,3,2,3,1600.0,1,1,1,0,1,35.0,0,0,0,0,0,0,1,1,0,2017.0,0,0,0,0,3,1,1,1,1,3,1,2
1962,3,2,3,1600.0,1,1,1,0,1,48.0,1,1,0,0,0,0,1,1,0,2017.0,0,0,0,0,2,0,1,1,1,3,1,2
1963,3,2,3,1600.0,1,1,1,0,1,44.0,0,0,0,0,0,0,1,1,0,2017.0,0,0,0,0,2,0,1,1,1,3,1,2
1964,3,2,3,1600.0,1,1,1,0,1,37.0,0,0,0,0,0,0,1,1,0,2017.0,0,0,0,0,2,0,1,1,1,3,1,2
1965,3,2,3,1740.0,1,1,1,0,1,57.0,1,0,0,0,0,0,1,1,0,2017.0,0,0,0,0,2,0,1,1,0,2,1,2
1966,3,2,3,1740.0,1,1,1,0,1,57.0,0,0,0,0,0,0,1,1,0,2017.0,0,0,0,1,2,1,1,1,0,2,1,2
1967,3,2,3,1857.0,1,1,1,0,1,40.0,0,0,0,0,0,0,0,1,0,2017.0,0,0,0,1,2,1,1,1,0,2,1,2
1968,3,2,3,1645.0,1,1,1,0,1,30.0,1,0,0,0,0,0,0,1,0,2017.0,0,0,0,1,2,1,2,1,0,1,1,2
1969,3,2,3,2153.0,1,1,1,0,1,15.0,1,0,0,0,0,0,0,1,0,2017.0,0,0,0,1,2,1,2,1,0,2,1,2
1970,3,2,3,2153.0,1,1,1,0,1,24.0,1,0,0,0,0,0,0,1,0,2017.0,0,0,0,1,2,1,2,1,0,2,1,2
1971,3,2,3,2153.0,1,1,1,0,1,14.0,1,0,0,0,0,0,0,1,0,2017.0,0,0,0,1,2,1,2,1,0,2,1,2
1972,3,2,3,2153.0,1,1,1,0,1,12.0,1,0,0,0,0,0,0,1,0,2017.0,0,0,0,1,2,1,2,1,0,2,1,2
1973,3,2,3,2153.0,1,1,1,0,1,15.0,1,0,0,0,0,0,0,1,0,2017.0,0,0,0,1,2,1,2,1,0,2,1,2
1974,3,2,3,2153.0,1,1,1,0,1,24.0,1,0,0,0,0,0,0,1,0,2017.0,0,0,0,1,2,1,2,1,0,2,1,2
1975,3,2,3,100.0,1,1,1,0,1,18.0,1,0,0,0,1,0,0,1,0,2017.0,0,0,0,1,2,1,2,1,1,2,1,2
1976,3,2,3,1115.0,1,1,1,0,1,38.0,1,0,0,0,1,0,0,1,0,2017.0,0,0,0,1,2,0,2,1,1,2,1,2
1977,3,2,3,1115.0,1,1,1,0,1,53.0,0,0,0,0,1,0,1,1,0,2017.0,0,0,0,1,2,0,2,1,1,2,1,2
1978,3,2,3,1250.0,1,1,1,0,1,25.0,0,0,0,0,1,0,1,1,0,2017.0,0,0,0,1,2,0,1,1,1,2,1,2
1979,3,2,3,1250.0,1,1,1,0,1,54.0,0,0,0,0,1,0,1,1,0,2017.0,0,0,0,1,2,1,0,1,1,2,1,2
1980,3,2,3,1600.0,1,1,1,0,1,60.0,0,0,0,0,1,0,1,1,0,2017.0,0,0,0,1,2,1,0,1,1,2,1,2
1981,3,2,3,1240.0,1,1,1,0,1,39.0,0,0,0,0,1,0,1,1,0,2017.0,0,0,0,0,2,1,0,1,1,2,1,2
1982,3,2,3,1240.0,1,1,1,0,1,76.0,0,0,0,0,1,0,0,1,0,2017.0,0,0,0,0,3,1,0,1,1,2,1,2
1983,3,2,3,1346.0,1,1,1,0,1,48.0,0,0,0,0,1,0,1,1,0,2017.0,0,0,0,0,3,1,0,1,1,2,1,2
1984,3,2,3,1346.0,1,1,1,0,1,37.0,0,0,0,0,1,0,1,1,0,2017.0,0,0,0,0,3,1,0,1,1,2,1,2
1985,3,2,3,1346.0,1,1,1,0,1,44.0,0,0,1,0,0,0,1,1,0,2017.0,0,0,0,0,3,1,0,1,1,2,1,2
1986,3,2,3,1346.0,1,1,1,0,1,35.0,0,0,1,0,0,0,1,1,0,2017.0,0,0,0,0,3,1,0,1,0,2,1,2
1987,3,2,3,1805.0,1,1,1,0,1,29.0,0,0,1,0,0,0,1,1,0,2017.0,0,0,0,0,3,1,0,1,0,2,1,2
1988,3,2,3,1805.0,1,1,1,0,1,30.0,1,0,1,0,0,0,1,1,0,2017.0,0,0,0,0,3,1,0,1,0,2,1,2
1989,3,2,3,730.0,1,1,1,0,1,27.0,1,0,1,0,0,0,1,1,0,2017.0,0,0,0,0,2,1,1,1,0,1,1,2
1990,3,2,3,847.0,1,1,1,0,1,26.0,1,0,1,0,1,0,1,1,0,2017.0,0,0,0,0,2,1,1,1,0,1,1,2
1991,3,2,3,935.0,1,1,1,0,1,31.0,1,0,1,0,1,0,1,1,0,2017.0,0,0,0,0,2,1,1,1,0,1,1,2
1992,3,2,3,1400.0,1,1,1,0,1,51.0,0,0,1,0,1,0,1,1,0,2017.0,0,0,0,0,2,1,1,1,0,2,0,2
1993,3,2,3,943.0,1,1,1,0,1,23.0,1,0,1,0,0,0,1,1,0,2017.0,0,0,0,0,2,1,1,1,0,2,1,2
1994,3,2,3,2215.0,1,1,1,0,1,28.0,1,0,1,0,0,0,1,1,0,2017.0,0,0,0,0,2,1,0,1,0,2,1,2
1995,3,2,3,2215.0,1,1,1,0,1,27.0,1,0,0,0,0,0,1,1,0,2017.0,0,0,0,0,2,1,0,1,0,2,1,2
1996,1,2,3,2134.0,1,1,1,0,1,64.0,0,0,0,0,0,1,1,1,0,2017.0,0,0,0,0,2,1,0,1,1,2,1,2
1997,1,2,3,1605.0,1,1,1,0,1,85.0,1,0,0,0,0,1,1,1,0,2017.0,0,0,0,0,2,1,0,1,1,3,1,2
1998,1,2,3,1644.0,1,1,1,0,1,74.0,0,0,0,0,0,1,0,1,0,2017.0,0,0,0,0,2,1,0,1,1,2,1,2
1999,1,2,3,1644.0,1,1,1,0,1,96.0,0,0,0,0,0,1,1,1,0,2017.0,0,0,0,0,3,0,0,1,1,2,1,2
2000,1,2,3,1800.0,1,1,1,0,1,60.0,0,0,0,0,0,1,1,1,0,2017.0,0,0,0,0,3,0,0,1,1,2,1,2
2001,1,2,3,1800.0,1,1,1,0,1,38.0,1,0,0,0,0,1,1,1,0,2017.0,0,0,0,1,3,0,0,1,1,2,1,2
2002,1,2,3,825.0,1,1,1,0,1,22.0,1,0,0,0,0,1,1,1,0,2017.0,0,0,0,1,3,0,0,1,1,2,1,2
2003,1,2,3,740.0,1,1,1,0,1,43.0,0,0,0,0,0,1,1,1,0,2017.0,0,0,0,1,3,1,0,1,1,2,1,2
2004,1,2,3,1315.0,1,1,1,0,1,25.0,1,0,0,0,0,1,1,1,0,2017.0,0,0,0,1,3,1,1,1,0,2,1,2
2005,1,2,3,1510.0,1,1,1,0,1,55.0,0,0,0,0,0,1,1,1,0,2017.0,0,0,0,1,3,1,1,7,0,3,1,2
2006,1,2,3,45.0,1,1,1,0,1,28.0,0,0,0,0,0,0,1,1,0,2017.0,0,0,0,1,2,1,1,1,0,2,1,2
2007,1,2,3,543.0,1,1,1,0,1,23.0,1,0,0,0,0,0,1,1,0,2017.0,0,0,0,0,2,1,1,7,0,1,1,2
2008,1,2,3,520.0,1,1,1,0,1,32.0,1,0,0,0,0,0,1,1,0,2017.0,0,0,0,0,2,1,1,1,0,2,1,2
2009,1,2,3,921.0,1,1,1,0,1,16.0,0,0,0,0,0,0,1,1,0,2017.0,0,0,0,0,2,1,0,1,0,2,1,2
2010,1,2,3,1323.0,1,1,1,0,1,32.0,0,0,0,0,0,0,1,1,0,2017.0,0,0,0,0,2,1,0,5,0,2,1,2
2011,1,2,3,1323.0,1,1,1,0,1,38.0,1,0,0,0,0,0,1,1,0,2017.0,0,0,0,0,2,1,0,5,0,2,1,2
2012,1,2,3,1449.0,1,1,1,0,1,32.0,1,0,0,0,0,0,1,1,0,2017.0,0,0,0,0,2,1,0,1,0,2,1,2
2013,1,2,3,1449.0,1,1,1,0,1,50.0,1,1,0,0,0,0,1,1,0,2017.0,0,0,0,0,2,0,0,1,0,2,1,2
2014,1,2,3,1449.0,1,1,1,0,1,43.0,0,0,0,0,0,0,1,1,0,2017.0,0,0,0,0,2,0,0,1,1,2,1,2
2015,1,2,3,1449.0,1,1,1,0,1,36.0,0,0,0,0,0,0,1,1,0,2017.0,0,0,0,0,2,0,0,1,1,2,1,2
2016,1,2,3,1630.0,1,1,1,0,1,29.0,0,0,0,0,0,0,1,1,0,2017.0,0,0,0,0,3,0,0,1,1,2,1,2
2017,1,2,3,1445.0,1,1,1,0,1,24.0,1,0,0,0,0,0,1,1,0,2017.0,0,1,0,1,2,0,0,1,1,0,1,2
2018,1,2,3,1650.0,1,1,1,0,1,30.0,1,0,0,0,0,0,1,1,0,2017.0,0,1,0,1,2,0,0,1,1,2,1,2
2019,1,2,3,1705.0,1,1,1,0,1,40.0,1,0,0,0,0,0,1,1,0,2017.0,0,1,0,1,2,0,1,1,1,2,1,2