,State,month,day,time,harmful-event,manner-of-collision,person-type,seating-position,age,age-range,gender,race,injury-severity,air-bag,transported-for-treatment,protection-system,ejection,extrication,dead-on-arrival,year-of-death,alcohol-test,drug-test,road-type,n0-of-lanes,sorrounding-area,road-features,light-condion,weather-conditions,following-traffic-rules,type-of-vehicle,causality-class,Severity Class
2020,1,2,3,1742.0,1,1,1,0,1,50.0,1,0,0,0,0,0,1,1,0,2017.0,0,1,0,1,2,0,1,1,1,2,1,2
2021,1,2,3,1813.0,1,1,1,0,1,51.0,1,0,0,0,0,0,1,1,0,2017.0,0,1,0,1,2,0,1,1,1,2,1,2
2022,1,2,3,1850.0,1,1,1,0,1,67.0,1,0,0,0,0,0,1,1,0,2017.0,0,1,0,0,2,0,1,3,1,2,1,2
2023,1,2,3,1910.0,1,1,1,0,1,30.0,1,0,0,0,0,0,1,1,0,2017.0,0,1,0,0,2,0,1,1,0,2,1,2
2024,1,2,3,2320.0,1,1,1,0,1,22.0,1,0,0,0,0,0,1,1,0,2017.0,0,1,0,0,2,0,1,1,0,2,1,2
2025,1,2,3,2330.0,1,1,1,0,1,28.0,1,0,0,0,0,0,1,1,0,2017.0,0,1,0,0,2,1,1,1,0,2,1,2
2026,1,2,3,2330.0,1,1,1,0,1,25.0,1,0,0,0,0,0,1,1,0,2017.0,0,1,0,0,2,1,1,1,0,2,1,2
2027,1,2,3,152.0,1,1,1,0,1,25.0,1,0,0,0,0,0,1,1,0,2017.0,0,0,0,0,3,1,0,1,0,2,1,2
2028,1,2,3,152.0,1,1,1,0,1,25.0,1,0,0,0,0,0,1,1,0,2017.0,0,0,0,0,3,1,0,1,0,2,0,2
2029,1,2,3,1021.0,1,1,1,0,1,20.0,1,0,0,0,0,0,1,1,0,2017.0,0,0,0,0,3,1,0,1,0,2,1,2
2030,1,2,3,1021.0,1,1,1,0,1,24.0,1,0,0,0,0,0,1,1,0,2017.0,0,0,0,0,3,1,0,1,0,2,1,2
2031,1,2,3,1021.0,1,1,1,0,1,20.0,1,0,0,0,0,0,1,1,0,2017.0,0,0,0,0,3,1,0,1,0,2,1,2
2032,1,2,3,1800.0,1,1,1,0,1,45.0,0,0,1,0,0,0,1,1,0,2017.0,0,0,0,1,3,1,0,7,0,2,1,2
2033,1,2,3,1827.0,1,1,1,0,1,37.0,1,0,1,0,0,0,1,1,0,2017.0,0,0,0,1,3,1,0,1,1,2,1,2
2034,1,2,3,1827.0,1,1,1,0,1,34.0,1,0,1,0,0,0,0,1,0,2017.0,0,0,0,1,3,1,0,1,1,2,1,2
2035,1,2,3,1827.0,1,1,1,0,1,48.0,1,0,1,0,0,0,1,1,0,2017.0,0,0,0,1,2,0,0,1,1,2,1,2
2036,1,2,3,1420.0,1,1,1,0,1,31.0,1,0,1,0,0,0,1,1,0,2017.0,0,0,0,1,2,0,0,1,1,2,1,2
2037,1,2,3,2038.0,1,1,1,0,1,20.0,1,0,1,0,0,0,1,1,0,2017.0,0,0,0,1,2,0,1,1,1,2,1,2
2038,1,2,3,852.0,1,1,1,0,1,33.0,0,0,1,0,0,0,1,1,0,2017.0,0,0,0,0,2,0,1,1,1,2,1,2
2039,1,2,3,1148.0,1,1,1,0,1,33.0,1,0,1,0,0,0,1,1,0,2017.0,0,0,0,0,2,0,1,1,1,0,1,2
2040,1,2,3,855.0,1,1,1,0,1,18.0,0,0,1,0,0,0,1,1,0,2017.0,0,0,0,0,2,1,1,1,1,2,1,2
2041,1,2,3,855.0,1,1,1,0,1,24.0,0,0,1,0,0,0,1,1,0,2017.0,0,0,0,0,2,1,1,1,1,2,1,2
2042,1,2,3,1450.0,1,1,1,0,1,80.0,0,0,1,0,0,0,1,1,0,2017.0,0,0,0,0,2,1,1,1,0,3,1,2
2043,1,2,3,1635.0,1,1,1,0,1,4.0,1,0,1,0,0,0,1,1,0,2017.0,0,0,0,0,2,1,1,1,0,2,1,2
2044,1,2,3,1635.0,1,1,1,0,1,21.0,0,0,1,0,0,0,1,1,0,2017.0,0,0,0,0,2,1,1,1,0,2,1,2
2045,1,2,3,1812.0,1,1,1,0,1,79.0,1,0,1,0,0,0,1,1,0,2017.0,0,0,0,0,3,1,1,1,0,2,1,2
2046,1,2,3,2000.0,1,1,1,0,1,58.0,1,0,1,0,0,0,1,1,0,2017.0,0,0,0,0,3,1,1,3,0,1,1,2
2047,1,2,3,2020.0,1,1,1,0,1,57.0,0,0,1,0,0,0,1,1,0,2017.0,0,0,0,0,3,1,1,5,0,1,1,2
2048,1,2,3,300.0,1,1,1,0,1,40.0,1,0,1,0,0,0,1,1,0,2017.0,0,0,0,1,3,1,1,1,0,0,1,2
2049,1,2,3,1320.0,1,1,1,0,1,67.0,0,0,1,0,0,0,1,1,0,2017.0,0,0,0,1,2,1,1,1,0,2,1,2
2050,1,2,3,1500.0,1,1,1,0,1,31.0,1,0,1,0,0,0,1,1,0,2017.0,0,0,0,1,2,1,1,1,0,2,1,2
2051,1,2,3,1510.0,1,1,1,0,1,13.0,0,0,1,0,0,0,1,1,0,2017.0,0,0,0,1,2,1,0,1,0,2,1,2
2052,1,2,3,1510.0,1,1,1,0,1,13.0,0,0,0,0,0,0,1,1,0,2017.0,0,0,0,1,2,1,0,1,1,2,1,2
2053,1,2,3,1550.0,1,1,1,0,1,39.0,0,0,0,0,0,0,1,1,0,2017.0,0,0,0,1,2,1,0,1,1,2,1,2
2054,1,2,3,1615.0,1,1,1,0,1,59.0,1,0,0,0,0,0,1,1,0,2017.0,0,0,0,1,2,1,0,1,1,2,1,2
2055,1,2,3,1615.0,1,1,1,0,1,57.0,0,0,0,0,0,0,1,1,0,2017.0,0,0,0,1,2,1,0,1,1,2,1,2
2056,1,2,3,1700.0,1,1,1,0,1,81.0,0,0,0,0,0,0,1,1,0,2017.0,0,0,0,1,2,1,0,1,1,2,1,2
2057,1,2,3,1530.0,1,1,1,0,1,25.0,1,0,0,0,0,0,1,1,0,2017.0,0,0,0,1,2,1,0,1,1,2,1,2
2058,1,2,3,1720.0,1,1,1,0,1,38.0,0,0,0,0,0,0,1,1,0,2017.0,0,0,0,1,2,1,0,1,1,2,1,2
2059,1,2,3,1840.0,1,1,1,0,1,45.0,0,0,0,0,0,0,1,1,0,2017.0,0,0,0,1,3,1,0,1,1,2,1,2
2060,1,2,3,1920.0,1,1,1,0,1,21.0,0,0,0,0,0,0,1,1,0,2017.0,0,0,0,0,3,0,0,1,1,2,1,2
2061,1,2,3,36.0,1,1,1,0,1,18.0,1,0,0,0,0,0,1,1,0,2017.0,0,0,0,0,3,0,1,5,1,2,1,2
2062,1,2,3,337.0,1,1,1,0,1,22.0,1,0,0,0,0,0,1,1,0,2017.0,0,0,0,0,3,0,1,1,1,1,1,2
2063,1,2,3,337.0,1,1,1,0,1,18.0,1,0,0,0,0,0,1,1,0,2017.0,0,0,0,0,2,0,1,1,1,1,1,2
2064,1,2,3,337.0,1,1,1,0,1,24.0,0,0,0,0,0,0,1,1,0,2017.0,0,0,0,0,2,0,0,1,1,1,1,2
2065,1,2,3,500.0,1,1,1,0,1,24.0,1,0,0,0,0,0,1,1,0,2017.0,0,0,0,0,2,0,0,1,1,2,1,2
2066,1,2,3,1730.0,1,1,1,0,1,55.0,1,0,0,0,0,0,0,1,0,2017.0,0,0,0,0,2,0,0,1,1,0,1,2
2067,1,2,3,1730.0,1,1,1,0,1,53.0,1,0,0,0,0,0,1,1,0,2017.0,0,0,0,0,2,0,0,1,1,0,1,2
2068,1,2,3,1034.0,1,1,1,0,1,46.0,1,1,0,0,0,0,1,1,0,2017.0,0,0,0,0,2,0,0,1,0,2,1,2
2069,1,2,3,2356.0,1,1,1,0,1,23.0,1,1,0,0,0,0,1,1,0,2017.0,0,0,0,0,2,0,0,0,0,2,1,2
2070,1,2,3,837.0,1,1,1,0,1,36.0,1,1,0,0,0,0,1,1,0,2017.0,0,0,0,1,2,1,0,1,0,1,1,2
2071,1,2,3,1600.0,1,1,1,0,1,29.0,0,1,0,0,0,0,1,1,0,2017.0,0,0,0,1,2,1,0,1,0,2,1,2
2072,1,2,3,1800.0,1,1,1,0,1,15.0,0,1,0,0,0,0,1,1,0,2017.0,0,0,0,1,2,1,0,1,0,3,1,2
2073,1,2,3,1049.0,1,1,1,0,1,71.0,0,1,0,0,0,0,1,1,0,2017.0,0,0,0,1,3,1,0,1,0,2,1,2
2074,1,2,3,1110.0,1,1,1,0,1,32.0,0,1,0,0,0,0,1,1,0,2017.0,0,0,0,1,3,1,0,0,0,2,1,2
2075,1,2,3,1254.0,1,1,1,0,1,76.0,1,1,0,0,0,0,1,1,0,2017.0,0,0,0,1,2,1,0,0,0,2,1,2
2076,1,2,3,1500.0,1,1,1,0,1,12.0,0,1,0,0,0,0,1,1,0,2017.0,0,0,0,1,2,1,0,1,0,2,1,2
2077,1,2,3,1856.0,1,1,1,0,1,21.0,1,1,0,0,0,0,1,1,0,2017.0,0,0,0,1,2,1,0,1,0,2,1,2
2078,1,2,3,2000.0,1,1,1,0,1,58.0,0,1,0,0,0,0,1,1,0,2017.0,0,0,0,1,2,1,0,4,1,2,1,2
2079,1,2,3,750.0,1,1,1,0,1,12.0,1,1,0,0,0,0,1,1,0,2017.0,0,0,0,1,2,1,0,1,1,2,0,2
2080,1,2,3,1620.0,1,1,1,0,0,46.0,1,1,0,0,0,0,1,1,0,2017.0,0,0,0,1,2,0,0,1,1,1,1,2
2081,1,2,3,1655.0,1,1,1,0,0,7.0,1,1,0,0,0,0,1,1,0,2017.0,0,0,0,0,2,1,0,1,1,3,1,2
2082,1,2,3,1806.0,1,1,1,0,0,49.0,1,1,0,0,0,0,1,1,0,2017.0,0,0,0,0,2,1,0,1,1,2,1,2
2083,1,2,3,2310.0,1,1,1,0,0,32.0,1,1,0,0,0,0,1,1,0,2017.0,0,0,0,0,2,1,0,1,1,1,1,2
2084,1,2,3,715.0,1,1,1,0,0,26.0,1,1,0,0,0,0,1,1,0,2017.0,0,0,0,0,2,1,0,0,1,2,1,2
2085,1,2,3,1835.0,1,1,1,0,0,25.0,1,1,0,0,0,0,1,1,0,2017.0,0,0,0,0,2,1,0,1,1,0,1,2
2086,1,2,3,1835.0,1,1,1,0,0,32.0,0,1,0,0,0,0,1,1,0,2017.0,0,0,0,0,2,1,0,1,1,2,1,2
2087,1,2,3,730.0,1,1,1,0,0,51.0,1,1,0,0,0,0,0,1,0,2017.0,0,0,0,0,2,1,0,1,1,2,1,2
2088,1,2,3,857.0,1,1,1,0,0,78.0,0,1,0,0,0,0,1,1,0,2017.0,0,0,0,0,2,1,0,1,1,1,1,2
2089,1,2,3,902.0,1,1,1,0,0,26.0,1,1,0,0,0,0,1,1,0,2017.0,0,0,0,0,2,1,0,3,1,1,1,2
2090,1,2,3,925.0,1,1,1,0,0,36.0,1,1,0,0,0,0,1,1,0,2017.0,0,0,0,0,2,1,0,1,1,2,1,2
2091,1,2,3,925.0,1,1,1,0,1,59.0,1,1,1,0,0,0,1,1,0,2017.0,0,0,0,1,2,0,0,1,1,2,1,2
2092,1,2,3,1245.0,1,1,1,0,1,57.0,1,1,1,0,0,0,1,1,0,2017.0,0,0,0,1,2,0,0,1,1,1,1,2
2093,1,2,3,1535.0,1,1,1,0,1,40.0,1,1,1,0,0,0,1,1,0,2017.0,0,0,0,1,2,0,0,1,1,2,1,2
2094,1,2,3,1535.0,1,1,1,0,1,36.0,0,1,1,0,0,0,1,1,0,2017.0,0,0,0,1,2,0,1,1,1,2,1,2
2095,1,2,3,1535.0,1,1,1,0,1,8.0,0,1,1,0,0,0,1,1,0,2017.0,0,0,0,0,3,0,1,1,1,2,1,2
2096,1,2,3,1535.0,1,1,1,0,1,7.0,0,1,1,0,0,0,1,1,0,2017.0,0,0,0,0,3,0,1,1,1,2,1,2
2097,1,2,3,1535.0,1,1,1,0,1,10.0,1,1,1,0,0,0,1,1,0,2017.0,0,0,0,0,2,0,1,1,0,2,1,2
2098,1,2,3,1645.0,1,1,1,0,1,18.0,1,1,1,0,0,0,1,1,0,2017.0,0,0,0,0,2,0,1,1,0,0,1,2
2099,1,2,3,1610.0,1,1,1,0,1,18.0,1,1,1,0,0,1,1,1,0,2017.0,0,0,0,0,2,0,1,1,0,2,1,2
2100,1,2,3,1823.0,1,1,1,0,1,47.0,0,1,1,0,0,0,1,1,0,2017.0,0,0,0,0,2,1,1,5,0,2,1,2
2101,1,2,3,2115.0,1,1,1,0,1,14.0,1,1,1,0,0,0,1,1,0,2017.0,0,0,0,0,2,1,1,1,0,1,1,2
2102,1,2,3,835.0,1,1,1,0,1,41.0,1,1,1,0,0,0,1,1,0,2017.0,0,0,0,0,2,1,0,1,0,1,1,2
2103,1,2,3,1806.0,1,1,1,0,1,10.0,1,1,1,0,0,0,1,1,0,2017.0,0,0,0,0,2,1,0,1,0,2,1,2
2104,1,2,3,820.0,1,1,1,0,1,23.0,0,1,1,0,0,0,1,1,0,2017.0,0,0,0,0,2,1,0,1,0,2,1,2
2105,1,2,3,840.0,1,1,1,0,1,10.0,1,1,1,0,0,0,1,1,0,2017.0,0,0,0,0,2,1,0,1,0,2,1,2
2106,1,2,3,1100.0,1,1,1,0,1,51.0,1,1,1,0,0,0,1,1,0,2017.0,0,0,0,0,2,1,0,1,0,1,1,2
2107,1,2,3,1100.0,1,1,1,0,1,77.0,0,1,1,0,0,0,1,1,0,2017.0,0,0,0,0,3,1,0,1,1,1,1,2
2108,1,2,3,1650.0,1,1,1,0,0,6.0,0,0,1,0,0,0,1,1,0,2017.0,0,0,0,0,3,1,0,5,1,2,1,2
2109,1,2,3,1650.0,1,1,1,0,0,5.0,0,0,1,0,0,0,1,1,0,2017.0,0,0,0,0,3,1,0,5,1,2,1,2
2110,1,2,3,2207.0,1,1,1,0,0,11.0,0,0,1,0,0,0,1,1,0,2017.0,0,0,0,0,3,0,0,1,1,2,1,2
2111,1,2,3,635.0,1,1,1,0,0,29.0,1,0,0,0,0,0,1,1,0,2017.0,0,0,0,0,2,0,0,1,1,2,1,2
2112,1,2,3,705.0,1,1,1,0,0,45.0,0,0,0,0,0,0,1,1,0,2017.0,0,0,0,0,2,0,1,5,1,2,1,2
2113,1,2,3,800.0,1,1,1,0,0,24.0,0,1,0,0,0,0,1,1,0,2017.0,0,0,0,0,2,0,1,1,1,0,1,2
2114,1,2,3,840.0,1,1,1,0,0,37.0,1,1,0,0,0,0,1,1,0,2017.0,0,0,0,0,2,1,1,1,1,2,1,2
2115,1,2,3,755.0,1,1,1,0,0,43.0,1,1,0,0,0,0,1,1,0,2017.0,0,0,0,1,2,1,1,1,1,1,1,2
2116,1,2,3,900.0,1,1,1,0,0,10.0,0,1,0,0,0,0,1,1,0,2017.0,0,0,0,1,2,1,1,3,1,2,1,2
2117,1,2,3,954.0,1,1,1,0,0,71.0,0,1,0,0,0,0,0,1,0,2017.0,0,0,0,1,2,1,1,1,1,3,1,2
2118,1,2,3,1200.0,1,1,1,0,0,57.0,1,1,0,0,0,0,1,1,0,2017.0,0,0,0,1,2,1,1,1,0,2,1,2
2119,1,2,3,1200.0,1,1,1,0,1,52.0,0,1,1,0,0,0,1,1,0,2017.0,0,0,0,1,2,1,0,1,0,2,1,2
2120,1,2,3,1210.0,1,1,1,0,1,13.0,1,1,1,0,0,0,1,1,0,2017.0,0,0,0,1,2,1,0,1,0,2,1,2
2121,1,2,3,1625.0,1,1,1,0,1,36.0,1,1,1,0,0,0,1,1,0,2017.0,0,0,0,1,3,1,0,1,0,2,1,2
2122,1,2,3,1518.0,1,1,1,0,1,10.0,1,1,1,0,0,0,1,1,0,2017.0,0,0,0,1,3,1,0,1,0,2,1,2
2123,1,2,3,1620.0,1,1,1,0,1,42.0,1,1,1,0,0,0,1,1,0,2017.0,0,0,0,1,3,1,0,1,0,1,1,2
2124,1,2,3,1752.0,1,1,1,0,1,45.0,1,1,1,0,0,0,1,1,0,2017.0,0,0,0,1,2,0,0,1,0,1,1,2
2125,1,2,3,1755.0,1,1,1,0,1,64.0,1,1,1,1,0,0,1,1,0,2017.0,0,0,0,1,2,0,0,1,0,3,1,2
2126,1,2,3,2200.0,1,1,1,0,1,23.0,0,1,1,1,0,0,1,1,0,2017.0,0,0,0,1,2,0,0,1,0,2,1,2
2127,1,2,3,655.0,1,1,1,0,1,25.0,1,1,1,1,0,0,1,1,0,2017.0,0,0,0,1,2,0,0,1,0,0,1,2
2128,1,2,3,1100.0,1,1,1,0,1,36.0,1,1,1,1,0,0,1,1,0,2017.0,0,0,0,1,2,0,0,1,1,1,1,2
2129,1,2,3,1920.0,1,1,1,0,1,55.0,0,1,0,1,0,0,1,1,0,2017.0,0,0,0,1,2,0,1,1,1,2,0,2
2130,1,2,3,2007.0,1,1,1,0,1,16.0,0,1,0,1,0,0,1,1,0,2017.0,0,0,0,1,2,0,1,1,1,2,1,2
2131,1,2,3,1733.0,1,1,1,0,1,18.0,1,1,0,1,0,0,1,1,0,2017.0,0,0,0,1,2,0,1,1,1,2,1,2
2132,1,2,3,1733.0,1,1,1,0,1,19.0,1,1,0,1,0,0,1,1,0,2017.0,0,0,0,0,2,0,0,1,1,2,1,2
2133,1,2,3,1008.0,1,1,1,0,1,26.0,0,1,0,1,0,0,1,1,0,2017.0,0,0,0,0,2,1,0,1,1,2,1,2
2134,1,2,3,1008.0,1,1,1,0,1,2.0,1,1,0,1,0,0,1,1,0,2017.0,0,0,0,0,3,1,0,1,1,2,1,2
2135,1,2,3,1340.0,1,1,1,0,1,22.0,1,1,0,1,0,0,1,1,0,2017.0,0,0,0,0,3,1,0,1,1,0,1,2
2136,1,2,3,1600.0,1,1,1,0,1,13.0,0,1,0,1,0,0,1,1,0,2017.0,0,0,0,0,2,1,0,1,1,2,1,2
2137,1,2,3,1600.0,1,1,1,0,1,14.0,0,1,0,1,0,0,1,1,0,2017.0,0,0,0,0,2,1,0,1,1,2,1,2
2138,1,2,3,1804.0,1,1,1,0,1,54.0,1,1,0,1,0,0,1,1,0,2017.0,0,0,0,0,2,1,0,1,1,1,1,2
2139,1,2,3,1330.0,1,1,1,0,1,27.0,0,1,0,1,0,0,1,1,0,2017.0,0,0,0,0,2,1,0,1,1,0,1,2
2140,1,2,3,1759.0,1,1,1,0,1,42.0,1,1,0,1,0,0,1,1,0,2017.0,0,0,0,0,2,1,0,1,1,1,1,2
2141,1,2,3,845.0,1,1,1,0,1,26.0,0,1,0,1,0,0,1,1,0,2017.0,0,0,0,0,2,1,0,1,1,2,1,2
2142,1,2,3,1620.0,1,1,1,0,1,35.0,1,1,0,1,0,0,1,1,0,2017.0,0,0,0,1,2,1,1,1,1,1,1,2
2143,1,2,3,2235.0,1,1,1,0,1,38.0,1,1,0,1,0,0,1,1,0,2017.0,0,0,0,1,2,0,1,1,1,2,1,2
2144,1,2,3,1530.0,1,1,1,0,1,66.0,0,1,0,1,0,0,1,1,0,2017.0,0,0,0,1,2,0,1,1,1,2,1,2
2145,1,2,3,1530.0,1,1,1,0,1,1.0,0,1,0,1,0,0,1,1,0,2017.0,0,0,0,0,2,0,1,1,1,2,1,2
2146,1,2,3,1545.0,1,1,1,0,1,45.0,1,1,1,1,0,0,1,1,0,2017.0,0,0,0,0,3,0,1,1,1,2,1,2
2147,1,2,3,1700.0,1,1,1,0,1,19.0,1,1,1,1,0,0,1,1,0,2017.0,0,0,0,0,3,0,1,1,1,2,1,2
2148,1,2,3,2030.0,1,1,1,0,1,19.0,1,1,1,1,0,0,1,1,0,2017.0,0,0,0,0,2,0,0,1,1,0,1,2
2149,1,2,3,710.0,1,1,1,0,1,37.0,0,1,1,1,0,0,1,1,0,2017.0,0,0,0,0,2,0,0,1,1,0,1,2
2150,1,2,3,930.0,1,1,1,0,1,79.0,1,1,1,1,0,0,1,1,0,2017.0,0,0,0,0,2,0,0,1,1,2,1,2
2151,1,2,3,1735.0,1,1,1,0,1,33.0,0,1,1,0,0,0,1,1,0,2017.0,0,0,0,0,2,0,0,1,1,1,1,2
2152,1,2,3,835.0,1,1,1,0,1,53.0,0,1,1,0,0,0,1,1,0,2017.0,0,0,0,0,2,0,0,1,1,2,1,2
2153,1,2,3,1300.0,1,1,1,0,1,20.0,0,0,1,0,0,0,1,1,0,2017.0,0,0,0,0,2,0,0,1,1,2,1,2
2154,1,2,3,1556.0,1,1,1,0,1,83.0,1,0,1,0,0,0,1,1,0,2017.0,0,0,0,0,2,0,0,1,0,2,1,2
2155,1,2,3,1624.0,1,1,1,0,1,35.0,0,0,1,0,0,0,1,1,0,2017.0,0,0,0,1,2,0,0,1,0,3,1,2
2156,1,2,3,1624.0,1,1,1,0,1,59.0,0,0,0,0,0,0,1,1,0,2017.0,0,0,0,1,2,0,0,1,0,3,1,2
2157,1,2,3,1700.0,1,1,1,0,1,69.0,1,0,0,0,0,0,1,1,0,2017.0,0,0,0,1,2,0,0,1,0,2,1,2
2158,1,2,3,1300.0,1,1,1,0,1,13.0,1,0,0,0,0,0,1,1,0,2017.0,0,0,0,1,3,0,1,1,0,2,1,2
2159,1,2,3,1555.0,1,1,1,0,1,46.0,0,0,0,0,0,0,1,1,0,2017.0,0,0,0,0,3,0,1,1,0,1,1,2
2160,1,2,3,1621.0,1,1,1,0,1,42.0,0,0,0,0,0,0,1,1,0,2017.0,0,0,0,0,2,0,1,1,0,2,1,2
2161,1,2,3,1621.0,1,1,1,0,1,38.0,1,0,0,0,0,0,1,1,0,2017.0,0,0,0,0,2,0,1,1,0,2,1,2
2162,1,2,3,1920.0,1,1,1,0,1,24.0,1,0,0,0,0,0,1,1,0,2017.0,0,0,0,0,2,0,1,1,0,2,1,2
2163,1,2,3,1433.0,1,1,1,0,0,36.0,1,0,0,0,0,0,1,1,0,2017.0,0,0,0,0,2,0,1,1,0,2,1,2
2164,1,2,3,1433.0,1,1,1,0,0,27.0,0,0,0,0,0,0,1,1,0,2017.0,0,0,0,0,2,0,1,1,1,2,1,2
2165,1,2,3,1640.0,1,1,1,0,0,84.0,1,0,0,0,0,0,1,1,0,2017.0,0,0,0,0,2,0,1,1,1,2,1,2
2166,1,2,3,1645.0,1,1,1,0,0,32.0,0,0,0,0,0,0,1,1,0,2017.0,0,0,0,0,2,0,1,1,1,2,1,2
2167,1,2,3,2345.0,1,1,1,0,0,52.0,0,0,0,0,0,0,1,1,0,2017.0,0,0,0,0,2,0,1,1,1,2,1,2
2168,1,2,3,1355.0,1,1,1,0,0,26.0,1,0,0,0,0,0,1,1,0,2017.0,0,0,0,0,2,0,1,1,1,2,1,2
2169,1,2,3,1355.0,1,1,1,0,0,24.0,0,0,0,0,0,0,1,1,0,2017.0,0,0,0,1,2,0,1,1,1,2,1,2
2170,1,2,3,1454.0,1,1,1,0,0,42.0,1,0,0,0,0,0,1,1,0,2017.0,0,0,0,1,3,0,1,5,1,3,1,2
2171,1,2,3,1050.0,1,1,1,0,0,28.0,1,0,0,0,0,0,1,1,0,2017.0,0,0,0,1,3,0,1,1,1,2,1,2
2172,1,2,3,1050.0,1,1,1,0,0,57.0,1,0,0,0,0,0,1,1,0,2017.0,0,0,0,1,3,0,0,1,1,1,1,2
2173,1,2,3,1105.0,1,1,1,0,0,23.0,1,0,0,0,0,0,1,1,0,2017.0,0,0,0,1,3,0,0,1,1,0,1,2
2174,1,2,3,1334.0,1,1,1,0,0,7.0,1,0,0,0,0,0,1,1,0,2017.0,0,0,0,0,3,0,0,1,1,2,1,2
2175,1,2,3,2205.0,1,1,1,0,0,31.0,1,0,0,0,0,0,1,1,0,2017.0,0,0,0,0,2,0,0,1,1,2,1,2
2176,1,2,3,2205.0,1,1,1,0,0,25.0,1,0,0,0,0,0,1,1,0,2017.0,0,0,0,0,2,0,0,1,1,2,1,2
2177,1,2,3,1610.0,1,1,1,0,1,18.0,0,0,0,0,0,0,1,1,0,2017.0,0,0,0,0,2,0,0,1,1,0,1,2
2178,1,2,3,1800.0,1,1,1,0,1,48.0,1,0,0,0,0,0,1,1,0,2017.0,0,0,0,0,2,0,0,1,1,2,1,2
2179,1,2,3,1800.0,1,1,1,0,1,31.0,0,0,0,0,0,0,1,1,0,2017.0,0,0,0,0,2,0,0,1,1,2,1,2
2180,1,2,3,1955.0,1,1,1,0,1,56.0,1,0,0,0,0,0,1,1,0,2017.0,0,0,0,0,2,0,0,1,1,2,1,2
2181,1,2,3,500.0,1,1,1,0,1,20.0,1,0,1,0,0,0,1,1,0,2017.0,0,0,0,0,2,0,0,1,1,0,1,2
2182,1,2,3,816.0,1,1,1,0,1,24.0,0,0,1,0,0,0,1,1,0,2017.0,0,0,0,0,2,0,1,7,1,2,1,2
2183,1,2,3,1439.0,1,1,1,0,1,29.0,1,1,1,0,0,0,1,1,0,2017.0,0,0,0,0,2,0,1,1,1,2,1,2
2184,1,2,3,2215.0,1,1,1,0,1,36.0,1,0,1,0,0,0,1,1,0,2017.0,0,0,0,1,2,0,1,1,1,2,1,2
2185,1,2,3,107.0,1,1,1,0,1,18.0,1,0,1,0,0,0,1,1,0,2017.0,0,0,0,1,3,0,1,5,1,2,1,2
2186,1,2,3,107.0,1,1,1,0,1,18.0,1,0,1,0,0,0,1,1,0,2017.0,0,0,0,1,3,0,1,5,1,2,1,2
2187,1,2,3,1120.0,1,1,1,0,1,16.0,0,0,1,0,0,0,1,1,0,2017.0,0,0,0,1,3,1,1,4,1,2,1,2
2188,1,2,3,1125.0,1,1,1,0,1,28.0,0,0,1,0,0,0,1,1,0,2017.0,0,0,0,1,2,1,1,1,1,2,1,2
2189,1,2,3,1125.0,1,1,1,0,1,23.0,1,0,1,0,0,0,1,1,0,2017.0,0,0,0,1,2,1,1,1,1,2,1,2
2190,1,2,3,1125.0,1,1,1,0,1,64.0,0,0,1,0,0,0,1,1,0,2017.0,0,0,0,1,2,1,1,1,1,2,1,2
2191,1,2,3,1345.0,1,1,1,0,1,70.0,0,0,1,0,0,0,1,1,0,2017.0,0,0,0,1,2,1,1,1,1,2,1,2
2192,1,2,3,1550.0,1,1,1,0,1,35.0,1,0,1,0,0,0,1,1,0,2017.0,0,0,0,0,2,1,1,1,1,2,1,2
2193,1,2,3,1550.0,1,1,1,0,1,35.0,0,0,1,0,0,0,1,1,0,2017.0,0,0,0,0,2,1,1,1,1,2,1,2
2194,1,2,3,1550.0,1,1,1,0,1,23.0,1,0,1,0,0,0,1,1,0,2017.0,0,0,0,0,2,1,1,1,1,2,1,2
2195,1,2,3,1550.0,1,1,1,0,1,65.0,0,0,1,0,0,0,1,1,0,2017.0,0,0,0,0,2,1,0,1,1,3,1,2
2196,1,2,3,1345.0,1,1,1,0,1,21.0,1,0,1,0,0,0,1,1,0,2017.0,0,0,0,0,2,1,0,1,1,2,1,2
2197,1,2,3,1515.0,1,1,1,0,1,19.0,1,0,1,0,0,0,1,1,0,2017.0,0,0,0,0,2,0,0,7,1,2,1,2
2198,1,2,3,1515.0,1,1,1,0,1,21.0,1,0,1,0,0,0,1,1,0,2017.0,0,0,0,0,3,0,0,7,1,2,1,2
2199,1,2,3,1935.0,1,1,1,0,1,23.0,1,0,1,0,0,0,1,1,0,2017.0,0,0,0,0,3,0,0,5,1,0,1,2
2200,1,2,3,2111.0,1,1,1,0,1,20.0,1,0,1,0,0,0,1,1,0,2017.0,0,0,0,0,3,0,0,5,1,2,1,2
2201,1,2,3,2320.0,1,1,1,0,1,34.0,1,0,0,0,0,0,1,1,0,2017.0,0,0,0,0,3,0,0,1,1,0,1,2
2202,1,2,3,1400.0,1,1,1,0,1,27.0,1,0,0,1,0,0,1,1,0,2017.0,0,0,0,1,3,0,0,5,1,2,1,2